pre,post,weight,syn_type
I1L,I2L,10.0,chemical
I1L,I3,3.0,chemical
I1L,I5,2.0,chemical
I1L,I6,1.0,chemical
I1L,M2L,3.0,chemical
I1L,M3L,8.0,chemical
I1L,M3R,2.0,chemical
I1L,MCL,2.0,chemical
I1L,MCR,2.0,chemical
I1L,MI,2.0,chemical
I1L,NSML,3.0,chemical
I2L,I1L,2.0,chemical
I2L,I5,2.0,chemical
I2L,I6,2.0,chemical
I2L,M3R,3.0,chemical
I2L,NSML,14.0,chemical
I2L,I2R,3.0,chemical
I2L,M1,1.0,chemical
I2L,NSMR,24.0,chemical
I2L,I4,13.0,chemical
I2L,M4,4.0,chemical
I3,I1L,1.0,chemical
I3,I5,2.0,chemical
I3,I6,1.0,chemical
I3,M2L,2.0,chemical
I3,M3L,2.0,chemical
I3,M3R,2.0,chemical
I3,MCL,1.0,chemical
I3,MCR,2.0,chemical
I3,MI,1.0,chemical
I3,I1R,1.0,chemical
I3,M1,2.0,chemical
I3,NSMR,2.0,chemical
I3,M4,2.0,chemical
I5,I1L,2.0,chemical
I5,I2L,3.0,chemical
I5,I3,1.0,chemical
I5,M2L,4.0,chemical
I5,M3L,4.0,chemical
I5,M3R,2.0,chemical
I5,MI,4.0,chemical
I5,NSML,1.0,chemical
I5,I2R,1.0,chemical
I5,M1,3.0,chemical
I5,NSMR,5.0,chemical
I5,I4,7.0,chemical
I5,M4,19.0,chemical
I5,M5,2.0,chemical
I6,I2L,1.0,chemical
I6,I3,12.0,chemical
I6,M3L,10.0,chemical
I6,NSML,24.0,chemical
I6,I1R,1.0,chemical
I6,I2R,4.0,chemical
I6,NSMR,23.0,chemical
I6,M4,15.0,chemical
M2L,I3,2.0,chemical
M2L,I5,2.0,chemical
M2L,M3L,3.0,chemical
M2L,M3R,1.0,chemical
M2L,I4,8.0,chemical
M3L,NSML,1.0,chemical
M3R,M4,2.0,chemical
MI,I1L,1.0,chemical
MI,I3,2.0,chemical
MI,M2L,3.0,chemical
MI,M3L,2.0,chemical
MI,M3R,2.0,chemical
MI,MCL,3.0,chemical
MI,NSML,1.0,chemical
MI,M1,7.0,chemical
MI,M2R,2.0,chemical
MI,NSMR,2.0,chemical
MI,I4,1.0,chemical
NSML,I6,1.0,chemical
NSML,M3L,21.0,chemical
NSML,M3R,1.0,chemical
NSML,NSMR,7.0,chemical
NSML,I4,1.0,chemical
NSML,M4,13.0,chemical
I1R,I3,1.0,chemical
I1R,I5,2.0,chemical
I1R,M2L,1.0,chemical
I1R,M3L,1.0,chemical
I1R,M3R,6.0,chemical
I1R,MCL,3.0,chemical
I1R,MCR,4.0,chemical
I1R,MI,1.0,chemical
I1R,NSML,1.0,chemical
I1R,I2R,6.0,chemical
I1R,M1,1.0,chemical
I1R,M2R,3.0,chemical
I1R,NSMR,2.0,chemical
I2R,I2L,3.0,chemical
I2R,I5,2.0,chemical
I2R,I6,3.0,chemical
I2R,M3R,2.0,chemical
I2R,MCL,1.0,chemical
I2R,NSML,34.0,chemical
I2R,I1R,1.0,chemical
I2R,M1,3.0,chemical
I2R,M2R,2.0,chemical
I2R,NSMR,7.0,chemical
I2R,I4,20.0,chemical
I2R,M4,3.0,chemical
M1,I2L,3.0,chemical
M1,I3,8.0,chemical
M1,I5,2.0,chemical
M1,MI,6.0,chemical
M1,NSML,2.0,chemical
M1,I1R,1.0,chemical
M1,I2R,2.0,chemical
M1,I4,1.0,chemical
M1,M4,1.0,chemical
M1,M5,1.0,chemical
M1,RIPL,1.0,chemical
M2R,I5,3.0,chemical
M2R,M3L,2.0,chemical
M2R,M3R,1.0,chemical
M2R,NSMR,1.0,chemical
M2R,I4,1.0,chemical
NSMR,I2L,1.0,chemical
NSMR,I6,4.0,chemical
NSMR,M3R,24.0,chemical
NSMR,I2R,1.0,chemical
NSMR,I4,3.0,chemical
I4,I5,2.0,chemical
I4,M2L,5.0,chemical
I4,M3L,6.0,chemical
I4,M3R,22.0,chemical
I4,MI,1.0,chemical
I4,NSML,8.0,chemical
I4,I2R,7.0,chemical
I4,NSMR,15.0,chemical
M4,I5,1.0,chemical
M4,M2L,1.0,chemical
M4,M3L,1.0,chemical
M4,MCL,1.0,chemical
M4,I4,5.0,chemical
M4,M4,15.0,chemical
M5,I5,1.0,chemical
M5,M1,1.0,chemical
RIPL,RIPL,3.0,chemical
RIPL,ADFL,3.0,chemical
RIPL,BAGL,7.0,chemical
RIPL,RIH,2.0,chemical
RIPL,OLQVL,1.0,chemical
RIPL,OLLL,4.0,chemical
RIPL,OLQDR,2.0,chemical
ASIL,AWAR,2.0,chemical
ASIL,ASGL,3.0,chemical
ASIL,ASER,8.0,chemical
ASIL,ADFL,1.0,chemical
ASIL,AWCL,3.0,chemical
ASIL,AWCR,4.0,chemical
ASIL,ASKL,3.0,chemical
ASIL,CEPVR,1.0,chemical
ASIL,AIYL,3.0,chemical
ASIL,AIYR,2.0,chemical
ASIL,AIAL,2.0,chemical
ASIL,AIZL,1.0,chemical
ASIL,RIBL,1.0,chemical
ASIL,AIBL,3.0,chemical
ASIL,SAAVL,2.0,chemical
ASIL,RIAL,3.0,chemical
ASIL,RMFL,1.0,chemical
AWAR,ASIL,2.0,chemical
AWAR,ASER,5.0,chemical
AWAR,AIYR,8.0,chemical
AWAR,ASGR,1.0,chemical
AWAR,AIAR,3.0,chemical
AWAR,AWBR,3.0,chemical
AWAR,ADFR,9.0,chemical
AWAR,AFDR,23.0,chemical
AWAR,RIR,2.0,chemical
AWAR,AUAR,1.0,chemical
AWAR,AIZR,25.0,chemical
AWAR,RIFR,5.0,chemical
AWAR,RIGR,6.0,chemical
ASGL,ASKL,2.0,chemical
ASGL,AIAL,46.0,chemical
ASGL,AIBL,17.0,chemical
ASGL,AINR,2.0,chemical
ASER,AWAR,1.0,chemical
ASER,AWCL,1.0,chemical
ASER,AWCR,1.0,chemical
ASER,ASKL,1.0,chemical
ASER,AIYL,9.0,chemical
ASER,AIYR,38.0,chemical
ASER,AIAL,8.0,chemical
ASER,AIZL,1.0,chemical
ASER,AIBL,4.0,chemical
ASER,ASEL,3.0,chemical
ASER,ASHR,2.0,chemical
ASER,ADLR,1.0,chemical
ASER,AIAR,4.0,chemical
ASER,AIBR,32.0,chemical
ASER,AFDL,2.0,chemical
ASER,AFDR,3.0,chemical
ASER,ADLL,4.0,chemical
ADFL,AWCR,2.0,chemical
ADFL,AIAL,2.0,chemical
ADFL,AIZL,39.0,chemical
ADFL,RIBL,4.0,chemical
ADFL,AIBL,2.0,chemical
ADFL,RIAL,46.0,chemical
ADFL,AIBR,1.0,chemical
ADFL,AWBL,2.0,chemical
ADFL,AFDL,1.0,chemical
ADFL,ADAL,2.0,chemical
ADFL,RIR,4.0,chemical
ADFL,RIGR,1.0,chemical
ADFL,RIGL,4.0,chemical
ADFL,SMBDL,1.0,chemical
ADFL,SMBVL,9.0,chemical
ADFL,ADLL,1.0,chemical
ADFL,URXL,1.0,chemical
ADFL,AUAL,12.0,chemical
ADFL,RIVL,1.0,chemical
ADFL,SMDVL,1.0,chemical
AWCL,ASIL,1.0,chemical
AWCL,ASER,1.0,chemical
AWCL,AWCR,11.0,chemical
AWCL,AIYL,22.0,chemical
AWCL,AIAL,2.0,chemical
AWCL,AIZL,1.0,chemical
AWCL,AIBL,12.0,chemical
AWCL,RIAL,6.0,chemical
AWCL,ASGR,1.0,chemical
AWCL,AIAR,4.0,chemical
AWCL,AIBR,2.0,chemical
AWCL,AFDL,2.0,chemical
AWCL,SMDVL,1.0,chemical
AWCL,AVAL,1.0,chemical
AWCR,ASIL,2.0,chemical
AWCR,ASER,5.0,chemical
AWCR,AWCL,17.0,chemical
AWCR,AIYL,12.0,chemical
AWCR,AIYR,22.0,chemical
AWCR,AIAL,1.0,chemical
AWCR,AIBL,3.0,chemical
AWCR,RIAL,3.0,chemical
AWCR,ASIR,2.0,chemical
AWCR,ASGR,3.0,chemical
AWCR,ASEL,8.0,chemical
AWCR,ASHR,1.0,chemical
AWCR,AIAR,8.0,chemical
AWCR,AIBR,18.0,chemical
AWCR,ADFR,1.0,chemical
AWCR,RIVL,3.0,chemical
AWCR,IL2L,2.0,chemical
ASKL,ASER,4.0,chemical
ASKL,AIAL,29.0,chemical
ASKL,AIBL,9.0,chemical
ASKL,ASJL,1.0,chemical
ASKL,AIML,5.0,chemical
CEPVR,RIAL,1.0,chemical
CEPVR,ASGR,2.0,chemical
CEPVR,ADLR,3.0,chemical
CEPVR,URYVR,2.0,chemical
CEPVR,OLQVR,11.0,chemical
CEPVR,RIAR,1.0,chemical
CEPVR,OLLR,14.0,chemical
CEPVR,RIVL,2.0,chemical
CEPVR,SMBVR,2.0,chemical
CEPVR,RICL,13.0,chemical
CEPVR,RICR,12.0,chemical
CEPVR,RIPR,3.0,chemical
CEPVR,AVEL,13.0,chemical
CEPVR,URAVR,3.0,chemical
CEPVR,CEPDR,1.0,chemical
CEPVR,SIAVR,7.0,chemical
CEPVR,RMDDR,4.0,chemical
CEPVR,SMDDR,2.0,chemical
CEPVR,RMHR,15.0,chemical
CEPVR,IL2VR,3.0,chemical
CEPVR,IL1VR,8.0,chemical
AIYL,ASER,1.0,chemical
AIYL,AWCL,5.0,chemical
AIYL,AWCR,3.0,chemical
AIYL,AIZL,67.0,chemical
AIYL,RIBL,42.0,chemical
AIYL,AIBL,3.0,chemical
AIYL,RIAL,51.0,chemical
AIYL,HSNR,1.0,chemical
AIYL,AWAL,14.0,chemical
AIYL,AFDL,2.0,chemical
AIYL,RIR,1.0,chemical
AIYL,RIH,1.0,chemical
AIYR,AWAR,1.0,chemical
AIYR,ASER,4.0,chemical
AIYR,AIYL,7.0,chemical
AIYR,ASGR,2.0,chemical
AIYR,ASEL,2.0,chemical
AIYR,AWBR,1.0,chemical
AIYR,ADFR,1.0,chemical
AIYR,AFDR,1.0,chemical
AIYR,AIZR,70.0,chemical
AIYR,RIAR,50.0,chemical
AIYR,BAGR,1.0,chemical
AIYR,AINL,1.0,chemical
AIYR,RIBR,60.0,chemical
AIYR,RIVR,1.0,chemical
AIAL,ASGL,1.0,chemical
AIAL,ASER,10.0,chemical
AIAL,ADFL,2.0,chemical
AIAL,AWCL,1.0,chemical
AIAL,AWCR,6.0,chemical
AIAL,ASKL,9.0,chemical
AIAL,AIZL,4.0,chemical
AIAL,AIBL,35.0,chemical
AIAL,ASEL,5.0,chemical
AIAL,ASJL,4.0,chemical
AIAL,PVQL,1.0,chemical
AIAL,ASHL,1.0,chemical
AIAL,ADAL,1.0,chemical
AIAL,RIR,2.0,chemical
AIAL,ADLL,1.0,chemical
AIAL,AIML,6.0,chemical
AIAL,RMGL,2.0,chemical
AIAL,RIFL,10.0,chemical
AIZL,ADFL,1.0,chemical
AIZL,AWCR,2.0,chemical
AIZL,AIAL,12.0,chemical
AIZL,AIBL,10.0,chemical
AIZL,RIAL,29.0,chemical
AIZL,ASEL,4.0,chemical
AIZL,AIBR,53.0,chemical
AIZL,AFDL,1.0,chemical
AIZL,RIGL,4.0,chemical
AIZL,SMBDL,24.0,chemical
AIZL,SMBVL,21.0,chemical
AIZL,SMDVL,3.0,chemical
AIZL,RIML,35.0,chemical
AIZL,AVER,26.0,chemical
AIZL,RICR,11.0,chemical
AIZL,AVEL,3.0,chemical
AIZL,DVA,1.0,chemical
AIZL,URYDL,3.0,chemical
AIZL,VB2,1.0,chemical
AIZL,AVKR,4.0,chemical
RIBL,RIAL,6.0,chemical
RIBL,AIBR,8.0,chemical
RIBL,RIGL,1.0,chemical
RIBL,AVBR,1.0,chemical
RIBL,AUAL,9.0,chemical
RIBL,AVAL,5.0,chemical
RIBL,AVDR,4.0,chemical
RIBL,RIML,1.0,chemical
RIBL,AVER,14.0,chemical
RIBL,BAGR,3.0,chemical
RIBL,AVEL,9.0,chemical
RIBL,RMDR,1.0,chemical
RIBL,RIS,5.0,chemical
RIBL,CEPVL,5.0,chemical
RIBL,URYDL,3.0,chemical
RIBL,SMDVR,6.0,chemical
RIBL,DVC,1.0,chemical
AIBL,AIBL,2.0,chemical
AIBL,SAAVL,3.0,chemical
AIBL,ASHR,3.0,chemical
AIBL,ASHL,1.0,chemical
AIBL,AIZR,7.0,chemical
AIBL,RIGR,5.0,chemical
AIBL,AVBL,21.0,chemical
AIBL,AVAL,5.0,chemical
AIBL,RIML,1.0,chemical
AIBL,RIBR,16.0,chemical
AIBL,AVEL,1.0,chemical
AIBL,SIAVR,2.0,chemical
AIBL,SIADR,2.0,chemical
AIBL,SAAVR,1.0,chemical
AIBL,SMDDR,16.0,chemical
AIBL,SAADL,6.0,chemical
AIBL,SAADR,10.0,chemical
AIBL,FLPL,1.0,chemical
AIBL,RIFL,1.0,chemical
AIBL,RIMR,56.0,chemical
AIBL,SMDVR,4.0,chemical
AIBL,SIBVR,2.0,chemical
AIBL,RMFR,6.0,chemical
SAAVL,AIBL,1.0,chemical
SAAVL,OLLR,1.0,chemical
SAAVL,SMDVL,1.0,chemical
SAAVL,SMBDR,2.0,chemical
SAAVL,AVAL,56.0,chemical
SAAVL,RIML,5.0,chemical
SAAVL,SMDDR,18.0,chemical
SAAVL,RIMR,33.0,chemical
SAAVL,SABD,1.0,chemical
SAAVL,RMFR,11.0,chemical
RIAL,AIZL,1.0,chemical
RIAL,RIBL,2.0,chemical
RIAL,CEPDL,1.0,chemical
RIAL,RIR,3.0,chemical
RIAL,RIAR,23.0,chemical
RIAL,URXL,2.0,chemical
RIAL,RIVL,8.0,chemical
RIAL,SMDVL,14.0,chemical
RIAL,SMBDR,7.0,chemical
RIAL,AVAL,2.0,chemical
RIAL,RIML,2.0,chemical
RIAL,BAGR,2.0,chemical
RIAL,RIVR,12.0,chemical
RIAL,AQR,4.0,chemical
RIAL,RMDDL,48.0,chemical
RIAL,RMDR,17.0,chemical
RIAL,SIADL,3.0,chemical
RIAL,SIAVR,2.0,chemical
RIAL,RMDDR,35.0,chemical
RIAL,SMDDR,33.0,chemical
RIAL,SAADL,1.0,chemical
RIAL,RMDVL,48.0,chemical
RIAL,SMDDL,22.0,chemical
RIAL,RIMR,2.0,chemical
RIAL,RMDL,26.0,chemical
RIAL,SMDVR,32.0,chemical
RIAL,RMDVR,48.0,chemical
RMFL,SMDVL,1.0,chemical
RMFL,BAGL,1.0,chemical
RMFL,RIBR,1.0,chemical
RMFL,RMDR,13.0,chemical
RMFL,RMHL,2.0,chemical
RMFL,SAAVR,1.0,chemical
RMFL,RIS,1.0,chemical
RMFL,AVKL,9.0,chemical
RMFL,RIMR,2.0,chemical
RMFL,PVT,3.0,chemical
RMFL,DVC,1.0,chemical
RMFL,AVKR,14.0,chemical
ASIR,AWAR,1.0,chemical
ASIR,ASER,2.0,chemical
ASIR,AWCL,2.0,chemical
ASIR,AWCR,5.0,chemical
ASIR,CEPVR,1.0,chemical
ASIR,AIAL,1.0,chemical
ASIR,ASGR,3.0,chemical
ASIR,ASEL,2.0,chemical
ASIR,ASHR,2.0,chemical
ASIR,ADLR,1.0,chemical
ASIR,AIAR,4.0,chemical
ASIR,AIBR,3.0,chemical
ASGR,ASER,3.0,chemical
ASGR,AIYR,1.0,chemical
ASGR,AIAR,51.0,chemical
ASGR,AIBR,20.0,chemical
ASEL,ASER,2.0,chemical
ASEL,AWCL,16.0,chemical
ASEL,AWCR,11.0,chemical
ASEL,AIYL,32.0,chemical
ASEL,AIYR,21.0,chemical
ASEL,AIAL,6.0,chemical
ASEL,AIZL,1.0,chemical
ASEL,AIBL,16.0,chemical
ASEL,AIBR,13.0,chemical
ASEL,ASJL,1.0,chemical
ASEL,AWBL,1.0,chemical
ASEL,ADFR,1.0,chemical
ASEL,AFDR,3.0,chemical
ASEL,RIR,1.0,chemical
ASEL,RIAR,2.0,chemical
ASEL,IL2R,1.0,chemical
ASEL,OLLR,1.0,chemical
ASHR,AWAR,1.0,chemical
ASHR,ASHR,2.0,chemical
ASHR,ADLR,13.0,chemical
ASHR,AIAR,28.0,chemical
ASHR,AIBR,7.0,chemical
ASHR,HSNL,4.0,chemical
ASHR,HSNR,5.0,chemical
ASHR,AWBL,1.0,chemical
ASHR,ADFR,3.0,chemical
ASHR,RIAR,3.0,chemical
ASHR,AVBR,6.0,chemical
ASHR,ADAR,5.0,chemical
ASHR,AVHL,1.0,chemical
ASHR,PVPR,1.0,chemical
ASHR,SMBVR,7.0,chemical
ASHR,AVDL,27.0,chemical
ASHR,AVDR,2.0,chemical
ASHR,AVAR,10.0,chemical
ASHR,RMGR,6.0,chemical
ASHR,AVER,7.0,chemical
ASHR,PVCL,3.0,chemical
ADLR,ASER,2.0,chemical
ADLR,AWCR,7.0,chemical
ADLR,CEPVR,1.0,chemical
ADLR,ASHR,4.0,chemical
ADLR,ADLR,3.0,chemical
ADLR,AIAR,22.0,chemical
ADLR,AIBR,27.0,chemical
ADLR,RIFR,2.0,chemical
ADLR,AVBL,3.0,chemical
ADLR,OLQVR,1.0,chemical
ADLR,AVBR,7.0,chemical
ADLR,OLLR,1.0,chemical
ADLR,URXR,8.0,chemical
ADLR,ADAR,1.0,chemical
ADLR,SMBVR,5.0,chemical
ADLR,AVDL,26.0,chemical
ADLR,AVDR,3.0,chemical
ADLR,AVAR,8.0,chemical
ADLR,PVCL,3.0,chemical
ADLR,AVJL,2.0,chemical
ADLR,AVJR,3.0,chemical
ADLR,URBR,6.0,chemical
ADLR,RICL,1.0,chemical
ADLR,RICR,5.0,chemical
ADLR,RIPR,2.0,chemical
ADLR,SIBVL,2.0,chemical
AIAR,AWAR,4.0,chemical
AIAR,ASER,5.0,chemical
AIAR,AWCL,6.0,chemical
AIAR,AWCR,6.0,chemical
AIAR,ASIR,2.0,chemical
AIAR,ASGR,5.0,chemical
AIAR,ADLR,10.0,chemical
AIAR,AIAR,1.0,chemical
AIAR,AIBR,33.0,chemical
AIAR,ASKR,1.0,chemical
AIAR,AIZR,2.0,chemical
AIAR,RIFR,10.0,chemical
AIAR,ADAR,4.0,chemical
AIBR,AWCR,1.0,chemical
AIBR,AIYR,1.0,chemical
AIBR,RIBL,11.0,chemical
AIBR,RIAL,2.0,chemical
AIBR,RMFL,1.0,chemical
AIBR,ADLR,1.0,chemical
AIBR,AIAR,1.0,chemical
AIBR,RIGL,1.0,chemical
AIBR,AVBR,13.0,chemical
AIBR,AUAL,1.0,chemical
AIBR,SMDVL,7.0,chemical
AIBR,RIML,47.0,chemical
AIBR,AVAR,2.0,chemical
AIBR,RICR,1.0,chemical
AIBR,AVEL,4.0,chemical
AIBR,AQR,1.0,chemical
AIBR,SIADL,1.0,chemical
AIBR,SAAVR,1.0,chemical
AIBR,SAADL,2.0,chemical
AIBR,SAADR,2.0,chemical
AIBR,DVA,1.0,chemical
AIBR,SMDDL,17.0,chemical
AIBR,VB1,3.0,chemical
AIBR,RIMR,5.0,chemical
AIBR,SIBDR,1.0,chemical
AIBR,SIBDL,1.0,chemical
ASJL,ASKL,12.0,chemical
ASJL,ASKR,1.0,chemical
ASJL,CEPDL,1.0,chemical
ASJL,ALA,3.0,chemical
ASJL,PVQL,34.0,chemical
ASJL,HSNL,1.0,chemical
ASJL,HSNR,1.0,chemical
ASKR,AWAR,2.0,chemical
ASKR,ASER,1.0,chemical
ASKR,CEPVR,2.0,chemical
ASKR,AIAL,1.0,chemical
ASKR,ASGR,1.0,chemical
ASKR,ADLR,3.0,chemical
ASKR,AIAR,35.0,chemical
ASKR,AIBR,2.0,chemical
ASKR,ALA,1.0,chemical
ASKR,HSNL,1.0,chemical
ASKR,RIFR,1.0,chemical
ASKR,AIMR,5.0,chemical
CEPDL,RIPL,8.0,chemical
CEPDL,RIBL,3.0,chemical
CEPDL,AFDL,2.0,chemical
CEPDL,RIH,1.0,chemical
CEPDL,SMBDR,5.0,chemical
CEPDL,AVER,13.0,chemical
CEPDL,RICL,11.0,chemical
CEPDL,RICR,8.0,chemical
CEPDL,AINL,2.0,chemical
CEPDL,IL1DL,18.0,chemical
CEPDL,RMGL,6.0,chemical
CEPDL,CEPDR,1.0,chemical
CEPDL,RMDDL,2.0,chemical
CEPDL,RMHL,1.0,chemical
CEPDL,SIADR,4.0,chemical
CEPDL,RMDVL,13.0,chemical
CEPDL,ALML,2.0,chemical
CEPDL,RIS,3.0,chemical
CEPDL,RMHR,8.0,chemical
CEPDL,URYDL,7.0,chemical
CEPDL,OLLL,8.0,chemical
CEPDL,URBL,11.0,chemical
CEPDL,SIBDR,2.0,chemical
CEPDL,IL2DL,1.0,chemical
CEPDL,OLQDL,27.0,chemical
CEPDL,URADL,8.0,chemical
ALA,ASJR,4.0,chemical
ALA,RIAR,2.0,chemical
ALA,AVDR,1.0,chemical
ALA,AVER,4.0,chemical
ALA,AVEL,8.0,chemical
ALA,RMDR,3.0,chemical
ALA,PVDL,75.0,chemical
ALA,PVDR,75.0,chemical
ALA,CANL,30.0,chemical
ALA,CANR,30.0,chemical
PVQL,ASKL,12.0,chemical
PVQL,AIAL,10.0,chemical
PVQL,ASJL,3.0,chemical
PVQL,HSNL,3.0,chemical
PVQL,HSNR,6.0,chemical
PVQL,AWAL,1.0,chemical
PVQL,AVHR,1.0,chemical
PVQL,RMGL,1.0,chemical
PVQL,PVPL,1.0,chemical
PVQL,DA8,1.0,chemical
PVQL,DD6,1.0,chemical
HSNL,AWAR,3.0,chemical
HSNL,ASKL,3.0,chemical
HSNL,AIAL,8.0,chemical
HSNL,AIZL,6.0,chemical
HSNL,ASHR,1.0,chemical
HSNL,ADLR,1.0,chemical
HSNL,ASKR,2.0,chemical
HSNL,PVQL,1.0,chemical
HSNL,HSNL,1.0,chemical
HSNL,HSNR,5.0,chemical
HSNL,ASJR,2.0,chemical
HSNL,AWBL,5.0,chemical
HSNL,ASHL,3.0,chemical
HSNL,AWBR,3.0,chemical
HSNL,RIR,3.0,chemical
HSNL,AIZR,3.0,chemical
HSNL,AIMR,2.0,chemical
HSNL,ADLL,1.0,chemical
HSNL,AVFL,11.0,chemical
HSNL,RIML,4.0,chemical
HSNL,RMGR,1.0,chemical
HSNL,AVJL,3.0,chemical
HSNL,RIFL,9.0,chemical
HSNL,AVFR,4.0,chemical
HSNL,VC5,9.0,chemical
HSNR,AIAL,3.0,chemical
HSNR,AIZL,3.0,chemical
HSNR,AIBL,2.0,chemical
HSNR,HSNL,1.0,chemical
HSNR,PVQR,1.0,chemical
HSNR,AWBL,2.0,chemical
HSNR,ASHL,4.0,chemical
HSNR,AIZR,1.0,chemical
HSNR,RIFR,6.0,chemical
HSNR,AVHR,2.0,chemical
HSNR,AVHL,2.0,chemical
HSNR,PVPR,1.0,chemical
HSNR,AVFL,4.0,chemical
HSNR,AVDR,1.0,chemical
HSNR,RIML,1.0,chemical
HSNR,RMGR,1.0,chemical
HSNR,AVER,1.0,chemical
HSNR,AVJL,3.0,chemical
HSNR,AVEL,1.0,chemical
HSNR,RMDDR,1.0,chemical
HSNR,BDUR,2.0,chemical
HSNR,PVNR,2.0,chemical
HSNR,RIMR,1.0,chemical
HSNR,SABD,1.0,chemical
HSNR,VA6,2.0,chemical
HSNR,PVT,1.0,chemical
HSNR,AVFR,2.0,chemical
HSNR,VC2,6.0,chemical
HSNR,DA5,2.0,chemical
HSNR,SABVR,1.0,chemical
HSNR,DA6,1.0,chemical
HSNR,AS5,2.0,chemical
HSNR,VC3,1.0,chemical
HSNR,DB5,1.0,chemical
HSNR,VC5,2.0,chemical
HSNR,VC4,1.0,chemical
ASJR,ASKR,12.0,chemical
ASJR,HSNR,1.0,chemical
ASJR,PVQR,19.0,chemical
PVQR,AWAR,4.0,chemical
PVQR,ASER,2.0,chemical
PVQR,AIAL,1.0,chemical
PVQR,AIAR,12.0,chemical
PVQR,ASJL,1.0,chemical
PVQR,ASKR,6.0,chemical
PVQR,RIFR,4.0,chemical
PVQR,AIMR,2.0,chemical
PVQR,AVBR,1.0,chemical
PVQR,RMGR,1.0,chemical
PVQR,DD1,1.0,chemical
PVQR,AVL,2.0,chemical
PVQR,PVT,1.0,chemical
PVQR,DVC,1.0,chemical
PVQR,AVFR,1.0,chemical
PVQR,DD6,2.0,chemical
PVQR,VD1,1.0,chemical
PVQR,VC2,1.0,chemical
AWAL,ASGL,1.0,chemical
AWAL,AIYL,3.0,chemical
AWAL,AIZL,23.0,chemical
AWAL,ASEL,7.0,chemical
AWAL,AWBL,9.0,chemical
AWAL,AFDL,7.0,chemical
AWAL,ASHL,2.0,chemical
AWAL,ADAL,2.0,chemical
AWBL,ADFL,25.0,chemical
AWBL,AWCL,1.0,chemical
AWBL,AIYL,1.0,chemical
AWBL,AIAL,4.0,chemical
AWBL,AIZL,15.0,chemical
AWBL,RIAL,10.0,chemical
AWBL,ASEL,1.0,chemical
AWBL,AIBR,1.0,chemical
AWBL,HSNL,1.0,chemical
AWBL,AWAL,2.0,chemical
AWBL,ASHL,2.0,chemical
AWBL,AVHR,2.0,chemical
AWBL,RIGL,2.0,chemical
AWBL,AVBL,2.0,chemical
AWBL,SMBDL,2.0,chemical
AWBL,SMBVL,3.0,chemical
AFDL,ASER,1.0,chemical
AFDL,AIYL,25.0,chemical
AFDL,AIBL,1.0,chemical
AFDL,ASEL,1.0,chemical
AFDL,AWBL,4.0,chemical
AFDL,AFDL,1.0,chemical
AFDL,AINR,3.0,chemical
ASHL,RIPL,4.0,chemical
ASHL,ADFL,6.0,chemical
ASHL,ASKL,1.0,chemical
ASHL,AIAL,24.0,chemical
ASHL,AIZL,3.0,chemical
ASHL,AIBL,13.0,chemical
ASHL,RIAL,9.0,chemical
ASHL,HSNL,2.0,chemical
ASHL,ADAL,2.0,chemical
ASHL,RIR,4.0,chemical
ASHL,AVHR,2.0,chemical
ASHL,AVBL,14.0,chemical
ASHL,ADLL,6.0,chemical
ASHL,URXL,2.0,chemical
ASHL,AVAL,15.0,chemical
ASHL,AVFL,2.0,chemical
ASHL,AVDL,7.0,chemical
ASHL,AVDR,20.0,chemical
ASHL,RIML,4.0,chemical
ASHL,AVAR,1.0,chemical
ADAL,RIPL,4.0,chemical
ADAL,AIAL,2.0,chemical
ADAL,AIBL,2.0,chemical
ADAL,AIBR,2.0,chemical
ADAL,ADAL,6.0,chemical
ADAL,AVBL,5.0,chemical
ADAL,AVBR,21.0,chemical
ADAL,ADLL,2.0,chemical
ADAL,URXL,2.0,chemical
ADAL,AVAL,3.0,chemical
ADAL,AVDL,1.0,chemical
ADAL,AVDR,2.0,chemical
ADAL,RIML,9.0,chemical
ADAL,AVAR,7.0,chemical
ADAL,AVJR,11.0,chemical
ADAL,RICL,3.0,chemical
ADAL,RICR,1.0,chemical
ADAL,AVEL,3.0,chemical
ADAL,PVPL,1.0,chemical
ADAL,SMDVR,3.0,chemical
ADAL,URAVL,1.0,chemical
AWBR,ASER,1.0,chemical
AWBR,AIYR,1.0,chemical
AWBR,ASGR,1.0,chemical
AWBR,ASHR,2.0,chemical
AWBR,HSNL,2.0,chemical
AWBR,HSNR,2.0,chemical
AWBR,ADFR,7.0,chemical
AWBR,RIR,7.0,chemical
AWBR,AIZR,8.0,chemical
AWBR,RIFR,1.0,chemical
AWBR,URYVR,1.0,chemical
AWBR,OLQVR,1.0,chemical
AWBR,AIMR,1.0,chemical
AWBR,RIAR,3.0,chemical
AWBR,AVBR,2.0,chemical
ADFR,AWAR,1.0,chemical
ADFR,AWCR,1.0,chemical
ADFR,AIYR,2.0,chemical
ADFR,ASHR,6.0,chemical
ADFR,AWBR,4.0,chemical
ADFR,ADFR,1.0,chemical
ADFR,AFDR,1.0,chemical
ADFR,RIR,7.0,chemical
ADFR,AUAR,9.0,chemical
ADFR,AIZR,37.0,chemical
ADFR,RIGR,24.0,chemical
ADFR,URYVR,2.0,chemical
ADFR,OLQVR,1.0,chemical
ADFR,RIAR,61.0,chemical
ADFR,BAGL,6.0,chemical
ADFR,URXR,10.0,chemical
ADFR,RIH,2.0,chemical
ADFR,ADAR,4.0,chemical
ADFR,AVHL,1.0,chemical
ADFR,PVPR,1.0,chemical
ADFR,SMBDR,2.0,chemical
ADFR,SMBVR,19.0,chemical
AFDR,ASER,4.0,chemical
AFDR,AIYR,29.0,chemical
AFDR,ASEL,1.0,chemical
AFDR,AFDL,1.0,chemical
RIR,ADFL,1.0,chemical
RIR,AIZL,12.0,chemical
RIR,RIAL,11.0,chemical
RIR,ASHR,1.0,chemical
RIR,HSNL,1.0,chemical
RIR,ASHL,1.0,chemical
RIR,AWBR,1.0,chemical
RIR,ADFR,4.0,chemical
RIR,AFDR,1.0,chemical
RIR,AIZR,15.0,chemical
RIR,RIGR,4.0,chemical
RIR,RIGL,2.0,chemical
RIR,AIMR,1.0,chemical
RIR,RIAR,4.0,chemical
RIR,URXL,9.0,chemical
RIR,AUAL,7.0,chemical
RIR,URXR,6.0,chemical
RIR,ADAR,1.0,chemical
RIR,PVPR,1.0,chemical
RIR,RMGR,1.0,chemical
RIR,BAGR,1.0,chemical
RIR,AVEL,4.0,chemical
RIR,AQR,2.0,chemical
RIR,RMGL,1.0,chemical
RIR,DVA,9.0,chemical
RIR,PVPL,2.0,chemical
AUAR,AIYR,1.0,chemical
AUAR,AIZR,2.0,chemical
AUAR,AINR,1.0,chemical
AUAR,RIAR,22.0,chemical
AUAR,BAGL,1.0,chemical
AUAR,URXR,5.0,chemical
AUAR,AVAR,3.0,chemical
AUAR,AVER,13.0,chemical
AUAR,AINL,1.0,chemical
AUAR,RIBR,31.0,chemical
AIZR,AWAR,1.0,chemical
AIZR,ASER,2.0,chemical
AIZR,AWCR,2.0,chemical
AIZR,AIBL,50.0,chemical
AIZR,AIAR,5.0,chemical
AIZR,AIBR,3.0,chemical
AIZR,ADFR,1.0,chemical
AIZR,RIAR,25.0,chemical
AIZR,SMBDR,17.0,chemical
AIZR,SMBVR,10.0,chemical
AIZR,AVER,1.0,chemical
AIZR,AVEL,28.0,chemical
AIZR,SIADR,1.0,chemical
AIZR,SMDDR,4.0,chemical
AIZR,DVA,3.0,chemical
AIZR,RIMR,34.0,chemical
RIFR,CEPVR,2.0,chemical
RIFR,AIZL,1.0,chemical
RIFR,ASHR,6.0,chemical
RIFR,ADLR,1.0,chemical
RIFR,HSNL,2.0,chemical
RIFR,HSNR,3.0,chemical
RIFR,AWBR,2.0,chemical
RIFR,AVBL,1.0,chemical
RIFR,RIAR,1.0,chemical
RIFR,AVBR,35.0,chemical
RIFR,URXR,3.0,chemical
RIFR,PVPR,6.0,chemical
RIFR,AVFL,1.0,chemical
RIFR,PVCL,1.0,chemical
RIFR,AVJL,2.0,chemical
RIFR,AVJR,2.0,chemical
RIFR,RIPR,2.0,chemical
RIFR,PVCR,1.0,chemical
RIFR,RIFL,1.0,chemical
RIFR,RIMR,10.0,chemical
RIGR,AIBL,2.0,chemical
RIGR,AFDR,1.0,chemical
RIGR,RIR,5.0,chemical
RIGR,AIZR,5.0,chemical
RIGR,URYVR,2.0,chemical
RIGR,OLQVR,2.0,chemical
RIGR,RIAR,3.0,chemical
RIGR,BAGL,2.0,chemical
RIGR,URXR,3.0,chemical
RIGR,AVDL,1.0,chemical
RIGR,AVER,4.0,chemical
RIGR,RIBR,2.0,chemical
RIGR,RMHL,17.0,chemical
RIGR,ALNR,3.0,chemical
RIGR,DVA,4.0,chemical
RIGR,AVKL,21.0,chemical
RIGR,PVT,5.0,chemical
RIGR,DVC,2.0,chemical
RIGR,AVKR,5.0,chemical
AINR,ASGL,1.0,chemical
AINR,ASER,3.0,chemical
AINR,AWCL,2.0,chemical
AINR,AIAL,2.0,chemical
AINR,RIBL,8.0,chemical
AINR,AIBL,2.0,chemical
AINR,ASEL,1.0,chemical
AINR,CEPDL,2.0,chemical
AINR,AFDL,9.0,chemical
AINR,AFDR,3.0,chemical
AINR,AUAR,2.0,chemical
AINR,AINR,1.0,chemical
AINR,URXL,2.0,chemical
AINR,AUAL,1.0,chemical
AINR,URXR,2.0,chemical
AINR,BAGR,9.0,chemical
AINR,AINL,1.0,chemical
AINR,RID,2.0,chemical
AVHR,ADLR,3.0,chemical
AVHR,ASKR,1.0,chemical
AVHR,AWBL,1.0,chemical
AVHR,RIR,8.0,chemical
AVHR,RIGL,1.0,chemical
AVHR,AVBL,3.0,chemical
AVHR,SMBDL,3.0,chemical
AVHR,SMBVL,1.0,chemical
AVHR,AVBR,1.0,chemical
AVHR,AVHL,1.0,chemical
AVHR,AVAL,1.0,chemical
AVHR,AVFL,2.0,chemical
AVHR,AVDR,1.0,chemical
AVHR,AVJR,5.0,chemical
AVHR,AQR,1.0,chemical
AVHR,DVA,1.0,chemical
AVHR,PVPL,9.0,chemical
AVHR,AVG,1.0,chemical
AVHR,AVFR,2.0,chemical
RIGL,ADFL,1.0,chemical
RIGL,AIZL,10.0,chemical
RIGL,RIBL,3.0,chemical
RIGL,AIBR,4.0,chemical
RIGL,RIR,8.0,chemical
RIGL,AIZR,2.0,chemical
RIGL,ADLL,2.0,chemical
RIGL,URXL,6.0,chemical
RIGL,RIH,2.0,chemical
RIGL,AVER,1.0,chemical
RIGL,OLQVL,2.0,chemical
RIGL,BAGR,3.0,chemical
RIGL,AVEL,7.0,chemical
RIGL,RMGL,6.0,chemical
RIGL,ALNL,6.0,chemical
RIGL,DVA,1.0,chemical
RIGL,RMHR,23.0,chemical
RIGL,PVPL,2.0,chemical
RIGL,AVKR,17.0,chemical
AVBL,AVBR,6.0,chemical
AVBL,PVPR,3.0,chemical
AVBL,AVAL,9.0,chemical
AVBL,AVDR,3.0,chemical
AVBL,AVAR,14.0,chemical
AVBL,AVER,1.0,chemical
AVBL,AVJR,1.0,chemical
AVBL,AVEL,1.0,chemical
AVBL,SDQL,1.0,chemical
AVBL,DVA,2.0,chemical
AVBL,PVCR,2.0,chemical
AVBL,PVNR,3.0,chemical
AVBL,VA2,3.0,chemical
AVBL,AVL,1.0,chemical
AVBL,VB2,3.0,chemical
AVBL,DA5,1.0,chemical
AVBL,AS10,2.0,chemical
AVBL,VA11,1.0,chemical
AVBL,AS4,1.0,chemical
AVBL,VA10,1.0,chemical
AVBL,DA7,1.0,chemical
AVBL,AS5,2.0,chemical
AVBL,VC3,3.0,chemical
SMBDL,AIZL,1.0,chemical
SMBDL,SMBVL,2.0,chemical
SMBDL,RIH,2.0,chemical
SMBDL,SIADL,19.0,chemical
SMBDL,ALNR,1.0,chemical
SMBDL,SAAVR,9.0,chemical
SMBDL,SIAVL,3.0,chemical
SMBDL,SDQR,18.0,chemical
SMBDL,SMDDL,7.0,chemical
SMBDL,RMED,4.0,chemical
SMBVL,AVHR,1.0,chemical
SMBVL,SMBDL,2.0,chemical
SMBVL,AVBR,1.0,chemical
SMBVL,AIML,1.0,chemical
SMBVL,AVFL,1.0,chemical
SMBVL,AVJR,1.0,chemical
SMBVL,PLNL,5.0,chemical
SMBVL,SAADL,16.0,chemical
SMBVL,SIAVL,1.0,chemical
SMBVL,PVPL,1.0,chemical
SMBVL,RMEV,20.0,chemical
SMBVL,RMDVR,1.0,chemical
URYVR,CEPVR,1.0,chemical
URYVR,AVBL,5.0,chemical
URYVR,RIAR,2.0,chemical
URYVR,SMDVL,11.0,chemical
URYVR,ADAR,1.0,chemical
URYVR,SMBDR,1.0,chemical
URYVR,AVAL,2.0,chemical
URYVR,SIBVL,5.0,chemical
URYVR,RIBR,19.0,chemical
URYVR,AVEL,26.0,chemical
URYVR,RMDDR,32.0,chemical
URYVR,RMDVL,19.0,chemical
URYVR,AVL,5.0,chemical
URYVR,RMDL,2.0,chemical
URYVR,SIBDR,4.0,chemical
URYVR,IL1VR,3.0,chemical
OLQVR,RIH,18.0,chemical
OLQVR,RICR,3.0,chemical
OLQVR,RIPR,18.0,chemical
OLQVR,RMDVL,18.0,chemical
OLQVR,RMHR,1.0,chemical
OLQVR,RMER,2.0,chemical
OLQVR,SIBDR,18.0,chemical
OLQVR,IL1VR,2.0,chemical
AIMR,CEPVR,1.0,chemical
AIMR,ASGR,6.0,chemical
AIMR,AIAR,10.0,chemical
AIMR,ASKR,4.0,chemical
AIMR,ALA,2.0,chemical
AIMR,HSNL,3.0,chemical
AIMR,HSNR,3.0,chemical
AIMR,ASJR,4.0,chemical
AIMR,ADFR,2.0,chemical
AIMR,RIFR,3.0,chemical
AIMR,AVHR,2.0,chemical
AIMR,AIMR,1.0,chemical
AIMR,URXR,5.0,chemical
AIMR,AVFL,3.0,chemical
AIMR,AVDR,2.0,chemical
AIMR,AVAR,1.0,chemical
AIMR,RMGR,4.0,chemical
AIMR,AVJR,1.0,chemical
AIMR,RMDR,1.0,chemical
AIMR,BDUR,2.0,chemical
AIMR,PVNR,1.0,chemical
AIMR,OLQDR,1.0,chemical
AIMR,AVFR,4.0,chemical
RIAR,CEPVR,1.0,chemical
RIAR,RIAL,38.0,chemical
RIAR,ADFR,2.0,chemical
RIAR,AUAR,2.0,chemical
RIAR,RIAR,3.0,chemical
RIAR,RIVL,3.0,chemical
RIAR,SMDVL,43.0,chemical
RIAR,SMBDR,2.0,chemical
RIAR,SMBVR,2.0,chemical
RIAR,AVAR,2.0,chemical
RIAR,RIBR,1.0,chemical
RIAR,RIVR,3.0,chemical
RIAR,RMDDL,48.0,chemical
RIAR,RMDR,35.0,chemical
RIAR,RMDDR,53.0,chemical
RIAR,SIADR,4.0,chemical
RIAR,SMDDR,26.0,chemical
RIAR,SIAVL,7.0,chemical
RIAR,SAADR,1.0,chemical
RIAR,RMDVL,57.0,chemical
RIAR,CEPVL,1.0,chemical
RIAR,SMDDL,32.0,chemical
RIAR,RMDL,9.0,chemical
RIAR,IL1R,2.0,chemical
RIAR,SMDVR,26.0,chemical
RIAR,RMDVR,47.0,chemical
AVBR,AIBR,1.0,chemical
AVBR,HSNR,1.0,chemical
AVBR,AVBL,2.0,chemical
AVBR,AVAL,10.0,chemical
AVBR,AVDL,4.0,chemical
AVBR,AVAR,14.0,chemical
AVBR,AVER,2.0,chemical
AVBR,AVJL,2.0,chemical
AVBR,AS10,1.0,chemical
AVBR,VD3,2.0,chemical
AVBR,DA3,3.0,chemical
AVBR,AS4,1.0,chemical
AVBR,AS1,2.0,chemical
AVBR,AS3,3.0,chemical
AVBR,VA4,2.0,chemical
AVBR,DA7,1.0,chemical
AVBR,AS5,2.0,chemical
AVBR,VA7,1.0,chemical
IL2R,OLQVR,26.0,chemical
IL2R,OLLR,5.0,chemical
IL2R,URXR,1.0,chemical
IL2R,RIH,19.0,chemical
IL2R,RMGR,1.0,chemical
IL2R,AVER,2.0,chemical
IL2R,URBR,3.0,chemical
IL2R,URAVR,1.0,chemical
IL2R,ADER,5.0,chemical
IL2R,RMDL,3.0,chemical
IL2R,IL1R,2.0,chemical
IL2R,RMEL,5.0,chemical
IL2R,RMEV,2.0,chemical
IL2R,OLQDR,10.0,chemical
IL2R,URADR,2.0,chemical
OLLR,CEPVR,16.0,chemical
OLLR,IL2R,1.0,chemical
OLLR,OLLR,4.0,chemical
OLLR,SMDVL,11.0,chemical
OLLR,RIBR,21.0,chemical
OLLR,AVEL,39.0,chemical
OLLR,CEPDR,4.0,chemical
OLLR,RMDR,2.0,chemical
OLLR,RMDDR,26.0,chemical
OLLR,ADER,2.0,chemical
OLLR,SMDDR,1.0,chemical
OLLR,RIS,2.0,chemical
OLLR,SMDDL,3.0,chemical
OLLR,RMER,3.0,chemical
OLLR,RMDL,9.0,chemical
OLLR,SMDVR,4.0,chemical
OLLR,RMED,1.0,chemical
OLLR,OLQDR,1.0,chemical
OLLR,IL1DR,1.0,chemical
OLLR,IL1VR,2.0,chemical
OLLR,RMDVR,6.0,chemical
ADLL,RIPL,3.0,chemical
ADLL,ASGL,2.0,chemical
ADLL,ASER,12.0,chemical
ADLL,AWCL,2.0,chemical
ADLL,AIAL,19.0,chemical
ADLL,AIBL,26.0,chemical
ADLL,RIAL,1.0,chemical
ADLL,ASEL,1.0,chemical
ADLL,ALA,5.0,chemical
ADLL,AWAL,1.0,chemical
ADLL,AWBL,3.0,chemical
ADLL,ASHL,6.0,chemical
ADLL,ADAL,1.0,chemical
ADLL,RIR,1.0,chemical
ADLL,RIGL,1.0,chemical
ADLL,AVBL,12.0,chemical
ADLL,SMBVL,5.0,chemical
ADLL,AVAL,9.0,chemical
ADLL,AVDL,4.0,chemical
ADLL,AVDR,15.0,chemical
ADLL,AVAR,5.0,chemical
ADLL,OLQVL,2.0,chemical
ADLL,AVJL,3.0,chemical
ADLL,AVJR,9.0,chemical
URXL,ASIL,1.0,chemical
URXL,ADFL,1.0,chemical
URXL,AIZL,1.0,chemical
URXL,RIAL,15.0,chemical
URXL,CEPDL,1.0,chemical
URXL,HSNR,1.0,chemical
URXL,ASHL,1.0,chemical
URXL,ADAL,6.0,chemical
URXL,RIR,1.0,chemical
URXL,RIGL,6.0,chemical
URXL,AVBL,4.0,chemical
URXL,URXL,3.0,chemical
URXL,AUAL,14.0,chemical
URXL,AVAL,1.0,chemical
URXL,IL2L,1.0,chemical
URXL,AIML,2.0,chemical
URXL,AVDR,1.0,chemical
URXL,OLQVL,2.0,chemical
URXL,AVJR,4.0,chemical
URXL,RICL,8.0,chemical
URXL,BAGR,2.0,chemical
URXL,AVEL,9.0,chemical
URXL,RID,1.0,chemical
URXL,IL1DL,2.0,chemical
URXL,RMGL,5.0,chemical
AUAL,ADFL,1.0,chemical
AUAL,AIYL,1.0,chemical
AUAL,AIZL,2.0,chemical
AUAL,RIBL,35.0,chemical
AUAL,RIAL,21.0,chemical
AUAL,AIBR,1.0,chemical
AUAL,URXL,1.0,chemical
AUAL,AVAL,11.0,chemical
AUAL,AVDR,2.0,chemical
AUAL,BAGR,3.0,chemical
AUAL,AVEL,9.0,chemical
AUAL,DVA,2.0,chemical
RIVL,RIAL,5.0,chemical
RIVL,RIAR,2.0,chemical
RIVL,SMDVL,2.0,chemical
RIVL,RIVR,1.0,chemical
RIVL,SIAVR,5.0,chemical
RIVL,SMDDR,8.0,chemical
RIVL,SAADR,11.0,chemical
RIVL,RMDVL,5.0,chemical
RIVL,RMDL,4.0,chemical
SMDVL,CEPVR,1.0,chemical
SMDVL,RIAL,19.0,chemical
SMDVL,RIAR,31.0,chemical
SMDVL,RIVL,6.0,chemical
SMDVL,IL2L,1.0,chemical
SMDVL,SIBVL,30.0,chemical
SMDVL,RIBR,1.0,chemical
SMDVL,SIAVR,30.0,chemical
SMDVL,ALNL,2.0,chemical
SMDVL,RMDDR,3.0,chemical
SMDVL,SIADR,1.0,chemical
SMDVL,ALNR,6.0,chemical
SMDVL,SMDDR,22.0,chemical
SMDVL,PLNL,6.0,chemical
SMDVL,PVR,1.0,chemical
SMDVL,SMDVR,2.0,chemical
BAGL,CEPVR,2.0,chemical
BAGL,AIBL,2.0,chemical
BAGL,ADFR,1.0,chemical
BAGL,AUAR,2.0,chemical
BAGL,AIZR,2.0,chemical
BAGL,RIGR,7.0,chemical
BAGL,RIGL,3.0,chemical
BAGL,RIAR,18.0,chemical
BAGL,URXR,1.0,chemical
BAGL,AVAR,3.0,chemical
BAGL,AVER,7.0,chemical
BAGL,RIPR,1.0,chemical
BAGL,BAGR,1.0,chemical
BAGL,AINL,1.0,chemical
BAGL,RIBR,19.0,chemical
BAGL,AVEL,2.0,chemical
BAGL,RID,3.0,chemical
BAGL,URAVR,1.0,chemical
BAGL,RIVR,2.0,chemical
URXR,ADLR,3.0,chemical
URXR,AWBR,2.0,chemical
URXR,ADFR,4.0,chemical
URXR,RIR,4.0,chemical
URXR,AUAR,21.0,chemical
URXR,RIFR,3.0,chemical
URXR,RIGR,7.0,chemical
URXR,AVBL,2.0,chemical
URXR,OLQVR,2.0,chemical
URXR,AIMR,3.0,chemical
URXR,RIAR,20.0,chemical
URXR,AVBR,3.0,chemical
URXR,ADAR,1.0,chemical
URXR,SMBVR,7.0,chemical
URXR,AVAR,2.0,chemical
URXR,RMGR,6.0,chemical
URXR,AVER,2.0,chemical
URXR,URBR,8.0,chemical
URXR,RICR,3.0,chemical
URXR,RIPR,10.0,chemical
URXR,ALMR,1.0,chemical
URXR,CEPDR,1.0,chemical
URXR,RMDDL,2.0,chemical
URXR,RMDR,8.0,chemical
URXR,SIADL,2.0,chemical
URXR,SIAVR,4.0,chemical
RIH,RIPL,18.0,chemical
RIH,CEPVR,6.0,chemical
RIH,AIYL,3.0,chemical
RIH,AIYR,4.0,chemical
RIH,AIZL,12.0,chemical
RIH,RIBL,18.0,chemical
RIH,RIAL,34.0,chemical
RIH,CEPDL,6.0,chemical
RIH,ADFR,3.0,chemical
RIH,AUAR,2.0,chemical
RIH,AIZR,19.0,chemical
RIH,URYVR,4.0,chemical
RIH,OLQVR,7.0,chemical
RIH,RIAR,36.0,chemical
RIH,IL2R,3.0,chemical
RIH,BAGL,2.0,chemical
RIH,IL2L,2.0,chemical
RIH,OLQVL,13.0,chemical
RIH,RIPR,7.0,chemical
RIH,BAGR,5.0,chemical
RIH,RIBR,15.0,chemical
RIH,URAVR,1.0,chemical
RIH,CEPVL,3.0,chemical
RIH,RMER,6.0,chemical
RIH,OLQDL,11.0,chemical
RIH,RMEV,10.0,chemical
RIH,OLQDR,7.0,chemical
RIH,IL2VL,4.0,chemical
RIH,IL2VR,5.0,chemical
ADAR,AIBL,1.0,chemical
ADAR,ASHR,2.0,chemical
ADAR,AIBR,3.0,chemical
ADAR,RIFR,1.0,chemical
ADAR,AVBL,8.0,chemical
ADAR,AVBR,15.0,chemical
ADAR,SMDVL,1.0,chemical
ADAR,URXR,2.0,chemical
ADAR,AVDL,2.0,chemical
ADAR,AVDR,3.0,chemical
ADAR,AVAR,8.0,chemical
ADAR,AVJL,13.0,chemical
ADAR,RIPR,9.0,chemical
ADAR,AVEL,1.0,chemical
ADAR,RIVR,5.0,chemical
ADAR,PVR,6.0,chemical
ADAR,RIMR,15.0,chemical
ADAR,URYDR,2.0,chemical
AVHL,ASHR,1.0,chemical
AVHL,PVQR,3.0,chemical
AVHL,AWBR,3.0,chemical
AVHL,ADFR,5.0,chemical
AVHL,RIR,2.0,chemical
AVHL,RIFR,1.0,chemical
AVHL,AVHR,1.0,chemical
AVHL,AVBL,2.0,chemical
AVHL,AVBR,1.0,chemical
AVHL,PVPR,2.0,chemical
AVHL,SMBDR,4.0,chemical
AVHL,SMBVR,4.0,chemical
AVHL,AVFL,1.0,chemical
AVHL,AVDL,1.0,chemical
AVHL,AVAR,1.0,chemical
AVHL,AVJL,4.0,chemical
AVHL,AVJR,1.0,chemical
AVHL,PVPL,1.0,chemical
AVHL,BDUR,1.0,chemical
AVHL,DD1,1.0,chemical
AVHL,RIMR,1.0,chemical
AVHL,SABD,1.0,chemical
AVHL,AVFR,5.0,chemical
AVHL,VD1,1.0,chemical
PVPR,ASHR,2.0,chemical
PVPR,HSNR,2.0,chemical
PVPR,PVQR,1.0,chemical
PVPR,ADFR,2.0,chemical
PVPR,RIGR,2.0,chemical
PVPR,AVBL,8.0,chemical
PVPR,RIAR,2.0,chemical
PVPR,AVBR,11.0,chemical
PVPR,URXR,1.0,chemical
PVPR,AVHL,3.0,chemical
PVPR,AVAL,1.0,chemical
PVPR,AVAR,5.0,chemical
PVPR,PVCL,6.0,chemical
PVPR,AVJL,2.0,chemical
PVPR,AQR,5.0,chemical
PVPR,PVCR,13.0,chemical
PVPR,AVG,1.0,chemical
PVPR,RIMR,1.0,chemical
PVPR,AVL,4.0,chemical
PVPR,DVC,3.0,chemical
PVPR,DD2,1.0,chemical
SMBDR,SAAVL,8.0,chemical
SMBDR,SMBDL,3.0,chemical
SMBDR,RIVL,1.0,chemical
SMBDR,AVAL,1.0,chemical
SMBDR,SIAVR,1.0,chemical
SMBDR,ALNL,5.0,chemical
SMBDR,SIADR,20.0,chemical
SMBDR,SMDDR,4.0,chemical
SMBDR,SDQL,18.0,chemical
SMBDR,RMED,25.0,chemical
SMBVR,CEPVR,8.0,chemical
SMBVR,ADLR,2.0,chemical
SMBVR,RIAR,1.0,chemical
SMBVR,AVHL,2.0,chemical
SMBVR,SMBDR,2.0,chemical
SMBVR,RMGR,3.0,chemical
SMBVR,RMDR,3.0,chemical
SMBVR,SIAVR,1.0,chemical
SMBVR,PLNR,5.0,chemical
SMBVR,SAADR,12.0,chemical
SMBVR,PVR,2.0,chemical
SMBVR,RMDL,2.0,chemical
SMBVR,RMEV,8.0,chemical
AVAL,RIAL,3.0,chemical
AVAL,AVBL,2.0,chemical
AVAL,AVDL,3.0,chemical
AVAL,AVDR,2.0,chemical
AVAL,AVAR,12.0,chemical
AVAL,AVER,2.0,chemical
AVAL,PVCL,21.0,chemical
AVAL,AVEL,1.0,chemical
AVAL,PVCR,16.0,chemical
AVAL,LUAR,2.0,chemical
AVAL,PVNL,1.0,chemical
AVAL,DA8,5.0,chemical
AVAL,DB7,2.0,chemical
AVAL,AS11,8.0,chemical
AVAL,DA1,6.0,chemical
AVAL,VA2,8.0,chemical
AVAL,VA9,7.0,chemical
AVAL,VA1,2.0,chemical
AVAL,DA2,10.0,chemical
AVAL,VA6,8.0,chemical
AVAL,VA8,7.0,chemical
AVAL,VA12,5.0,chemical
AVAL,LUAL,6.0,chemical
AVAL,DA9,3.0,chemical
AVAL,DA5,14.0,chemical
AVAL,AS10,5.0,chemical
AVAL,VA5,7.0,chemical
AVAL,VA11,6.0,chemical
AVAL,SABVL,2.0,chemical
AVAL,DA3,12.0,chemical
AVAL,DA4,12.0,chemical
AVAL,AS4,2.0,chemical
AVAL,VA3,6.0,chemical
AVAL,VA10,9.0,chemical
AVAL,DA6,1.0,chemical
AVAL,VA4,7.0,chemical
AVAL,AS2,2.0,chemical
AVAL,DA7,4.0,chemical
AVAL,AS5,6.0,chemical
AVAL,VA7,7.0,chemical
AVAL,DB5,2.0,chemical
AVAL,AS7,6.0,chemical
AVAL,AS8,6.0,chemical
IL2L,URXL,3.0,chemical
IL2L,RIH,25.0,chemical
IL2L,OLQVL,19.0,chemical
IL2L,RICL,1.0,chemical
IL2L,AVEL,2.0,chemical
IL2L,RMDR,3.0,chemical
IL2L,ADEL,6.0,chemical
IL2L,IL1L,6.0,chemical
IL2L,RMER,10.0,chemical
IL2L,OLQDL,20.0,chemical
IL2L,RMEV,5.0,chemical
IL2L,URAVL,2.0,chemical
AIML,ASGL,8.0,chemical
AIML,ASKL,7.0,chemical
AIML,AIAL,11.0,chemical
AIML,ASJL,2.0,chemical
AIML,CEPDL,3.0,chemical
AIML,PVQL,1.0,chemical
AIML,AVHR,1.0,chemical
AIML,SMBVL,4.0,chemical
AIML,URXL,1.0,chemical
AIML,AVHL,2.0,chemical
AIML,AVFL,5.0,chemical
AIML,AVDL,1.0,chemical
AIML,AVJL,1.0,chemical
AIML,RID,2.0,chemical
AIML,RMGL,3.0,chemical
AIML,ALML,1.0,chemical
AIML,RIFL,2.0,chemical
AIML,AVFR,4.0,chemical
AVFL,PVQL,1.0,chemical
AVFL,HSNL,2.0,chemical
AVFL,HSNR,3.0,chemical
AVFL,PVQR,1.0,chemical
AVFL,RIFR,1.0,chemical
AVFL,AVHR,1.0,chemical
AVFL,AVBL,4.0,chemical
AVFL,SMBVL,1.0,chemical
AVFL,AVBR,1.0,chemical
AVFL,AVHL,4.0,chemical
AVFL,AIML,1.0,chemical
AVFL,AVJL,2.0,chemical
AVFL,PVNL,1.0,chemical
AVFL,AVG,5.0,chemical
AVFL,RIFL,1.0,chemical
AVFL,PDER,1.0,chemical
AVFL,VB1,2.0,chemical
AVFL,AVL,5.0,chemical
AVFL,VB2,2.0,chemical
AVFL,AVFR,12.0,chemical
AVFL,DVB,1.0,chemical
AVFL,AS10,1.0,chemical
AVFL,VC1,1.0,chemical
AVDL,AVAL,37.0,chemical
AVDL,AVDR,5.0,chemical
AVDL,AVAR,37.0,chemical
AVDL,PVCL,1.0,chemical
AVDL,AVJL,1.0,chemical
AVDL,AVEL,5.0,chemical
AVDL,DA8,2.0,chemical
AVDL,AS11,4.0,chemical
AVDL,DA1,4.0,chemical
AVDL,VA1,2.0,chemical
AVDL,SABD,5.0,chemical
AVDL,DA2,2.0,chemical
AVDL,VA12,1.0,chemical
AVDL,LUAL,2.0,chemical
AVDL,DVC,2.0,chemical
AVDL,DA5,1.0,chemical
AVDL,AS10,1.0,chemical
AVDL,VA5,1.0,chemical
AVDL,SABVL,2.0,chemical
AVDL,SABVR,5.0,chemical
AVDL,DA3,9.0,chemical
AVDL,DA4,3.0,chemical
AVDL,AS4,2.0,chemical
AVDL,VA3,3.0,chemical
AVDL,VA10,2.0,chemical
AVDR,ALA,1.0,chemical
AVDR,AVBL,1.0,chemical
AVDR,AVAL,41.0,chemical
AVDR,AVDL,3.0,chemical
AVDR,AVAR,52.0,chemical
AVDR,AVER,2.0,chemical
AVDR,AVJR,1.0,chemical
AVDR,PVCR,2.0,chemical
AVDR,PQR,3.0,chemical
AVDR,DA8,1.0,chemical
AVDR,AS11,3.0,chemical
AVDR,DA1,5.0,chemical
AVDR,VA2,1.0,chemical
AVDR,SABD,1.0,chemical
AVDR,DA2,5.0,chemical
AVDR,DB4,1.0,chemical
AVDR,LUAL,3.0,chemical
AVDR,DA9,1.0,chemical
AVDR,DVC,4.0,chemical
AVDR,DA5,3.0,chemical
AVDR,AS10,2.0,chemical
AVDR,VA5,3.0,chemical
AVDR,VA11,1.0,chemical
AVDR,SABVL,5.0,chemical
AVDR,SABVR,1.0,chemical
AVDR,DA3,3.0,chemical
AVDR,DA4,2.0,chemical
AVDR,VA3,2.0,chemical
AVDR,DA6,1.0,chemical
AVDR,DB1,1.0,chemical
RIML,RIBL,9.0,chemical
RIML,AIBL,1.0,chemical
RIML,SAAVL,10.0,chemical
RIML,RIAL,3.0,chemical
RIML,RMFL,2.0,chemical
RIML,AIBR,22.0,chemical
RIML,AVBL,9.0,chemical
RIML,AVBR,11.0,chemical
RIML,SMDVL,11.0,chemical
RIML,AVAL,5.0,chemical
RIML,RIML,11.0,chemical
RIML,AVAR,2.0,chemical
RIML,AVER,5.0,chemical
RIML,RICR,1.0,chemical
RIML,RMDR,21.0,chemical
RIML,SAAVR,10.0,chemical
RIML,SMDDR,14.0,chemical
RIML,SAADL,1.0,chemical
RIML,SAADR,4.0,chemical
RIML,SMDDL,11.0,chemical
RIML,VB1,8.0,chemical
RIML,RIMR,2.0,chemical
RIML,RMDL,9.0,chemical
RIML,AVKR,1.0,chemical
RIML,RMFR,2.0,chemical
AVAR,RIGL,1.0,chemical
AVAR,AVBL,3.0,chemical
AVAR,AVBR,4.0,chemical
AVAR,AVAL,7.0,chemical
AVAR,AVDL,3.0,chemical
AVAR,AVDR,6.0,chemical
AVAR,AVER,3.0,chemical
AVAR,PVCL,20.0,chemical
AVAR,AVEL,2.0,chemical
AVAR,SAAVR,6.0,chemical
AVAR,PVCR,20.0,chemical
AVAR,LUAR,16.0,chemical
AVAR,DA8,20.0,chemical
AVAR,AS11,10.0,chemical
AVAR,DA1,2.0,chemical
AVAR,VA2,5.0,chemical
AVAR,PDEL,3.0,chemical
AVAR,PDER,3.0,chemical
AVAR,VA9,7.0,chemical
AVAR,DA2,9.0,chemical
AVAR,DB2,2.0,chemical
AVAR,DB3,2.0,chemical
AVAR,VA6,9.0,chemical
AVAR,VA8,7.0,chemical
AVAR,SMDVR,1.0,chemical
AVAR,LUAL,4.0,chemical
AVAR,DA9,3.0,chemical
AVAR,DA5,9.0,chemical
AVAR,VA5,2.0,chemical
AVAR,VA11,13.0,chemical
AVAR,SABVR,2.0,chemical
AVAR,DA3,8.0,chemical
AVAR,DA4,9.0,chemical
AVAR,AS4,2.0,chemical
AVAR,VA3,6.0,chemical
AVAR,VA10,4.0,chemical
AVAR,DA6,4.0,chemical
AVAR,AS1,2.0,chemical
AVAR,VA4,6.0,chemical
AVAR,AS2,3.0,chemical
AVAR,DA7,6.0,chemical
AVAR,AS5,1.0,chemical
AVAR,VA7,7.0,chemical
AVAR,DB5,2.0,chemical
AVAR,AS7,6.0,chemical
AVAR,AS8,10.0,chemical
AVAR,AS6,2.0,chemical
AVAR,AS9,10.0,chemical
RMGR,ASHR,1.0,chemical
RMGR,RIR,1.0,chemical
RMGR,RIGR,2.0,chemical
RMGR,AVBL,2.0,chemical
RMGR,AIMR,2.0,chemical
RMGR,AVBR,3.0,chemical
RMGR,IL2R,2.0,chemical
RMGR,OLLR,1.0,chemical
RMGR,URXR,3.0,chemical
RMGR,ADAR,2.0,chemical
RMGR,SMBVR,1.0,chemical
RMGR,AVAL,1.0,chemical
RMGR,AVDL,2.0,chemical
RMGR,AVER,6.0,chemical
RMGR,AVJL,4.0,chemical
RMGR,ALMR,1.0,chemical
RMGR,RMDDL,1.0,chemical
RMGR,RMDR,7.0,chemical
RMGR,SIADL,1.0,chemical
RMGR,SIAVR,2.0,chemical
RMGR,ALNR,4.0,chemical
RMGR,ADER,2.0,chemical
RMGR,SAAVR,1.0,chemical
RMGR,SAADL,3.0,chemical
RMGR,RMDL,20.0,chemical
RMGR,RMDVR,23.0,chemical
RMGR,SIBDL,2.0,chemical
AVER,CEPDL,1.0,chemical
AVER,AIZR,1.0,chemical
AVER,URXR,1.0,chemical
AVER,AVAL,14.0,chemical
AVER,AVDL,4.0,chemical
AVER,AVDR,4.0,chemical
AVER,AVAR,33.0,chemical
AVER,RMGR,1.0,chemical
AVER,AVEL,3.0,chemical
AVER,DA1,11.0,chemical
AVER,VA2,4.0,chemical
AVER,VA1,5.0,chemical
AVER,RIMR,1.0,chemical
AVER,SABD,1.0,chemical
AVER,DA2,7.0,chemical
AVER,DB3,1.0,chemical
AVER,OLLL,1.0,chemical
AVER,SABVL,12.0,chemical
AVER,SABVR,11.0,chemical
AVER,DA3,3.0,chemical
AVER,VA3,1.0,chemical
AVER,AS1,6.0,chemical
AVER,AS3,1.0,chemical
AVER,VA4,2.0,chemical
AVER,AS2,4.0,chemical
PVCL,ASHR,2.0,chemical
PVCL,ADLR,2.0,chemical
PVCL,AVBL,7.0,chemical
PVCL,AVBR,27.0,chemical
PVCL,SMBVR,3.0,chemical
PVCL,AVAL,5.0,chemical
PVCL,AVDL,7.0,chemical
PVCL,AVDR,11.0,chemical
PVCL,AVAR,7.0,chemical
PVCL,AVER,7.0,chemical
PVCL,PVCL,1.0,chemical
PVCL,AVJL,3.0,chemical
PVCL,AVJR,2.0,chemical
PVCL,SIBVL,7.0,chemical
PVCL,AVEL,2.0,chemical
PVCL,RID,12.0,chemical
PVCL,DVA,4.0,chemical
PVCL,RIS,2.0,chemical
PVCL,PVCR,10.0,chemical
PVCL,AVG,2.0,chemical
PVCL,DA8,2.0,chemical
PVCL,DB7,5.0,chemical
PVCL,PDEL,1.0,chemical
PVCL,DB2,4.0,chemical
PVCL,DB3,2.0,chemical
PVCL,DB4,6.0,chemical
PVCL,VB7,1.0,chemical
PVCL,VB11,1.0,chemical
PVCL,VB6,2.0,chemical
PVCL,SIBDL,2.0,chemical
PVCL,DA5,1.0,chemical
PVCL,AS1,1.0,chemical
PVCL,AS2,1.0,chemical
PVCL,DB5,2.0,chemical
PVCL,VB4,3.0,chemical
PVCL,VB8,1.0,chemical
OLQVL,AVAL,1.0,chemical
OLQVL,IL2L,1.0,chemical
OLQVL,AVDR,1.0,chemical
OLQVL,RICL,4.0,chemical
OLQVL,RMHL,2.0,chemical
OLQVL,SIAVL,9.0,chemical
OLQVL,RMDVR,14.0,chemical
OLQVL,SIBDL,13.0,chemical
AVJL,ASHR,1.0,chemical
AVJL,RIFR,1.0,chemical
AVJL,AVBL,5.0,chemical
AVJL,AVBR,6.0,chemical
AVJL,AVHL,3.0,chemical
AVJL,AVDL,1.0,chemical
AVJL,AVAR,1.0,chemical
AVJL,PVCL,5.0,chemical
AVJL,AVJR,1.0,chemical
AVJL,AINL,1.0,chemical
AVJL,AVEL,1.0,chemical
AVJL,RIS,1.0,chemical
AVJL,PVCR,1.0,chemical
AVJL,PVNR,4.0,chemical
AVJL,SABD,1.0,chemical
AVJR,PVQR,1.0,chemical
AVJR,AVBL,10.0,chemical
AVJR,AVBR,2.0,chemical
AVJR,AVAL,4.0,chemical
AVJR,AVDL,1.0,chemical
AVJR,AVDR,7.0,chemical
AVJR,AVAR,5.0,chemical
AVJR,AVER,3.0,chemical
AVJR,PVCL,5.0,chemical
AVJR,AVJL,1.0,chemical
AVJR,RID,2.0,chemical
AVJR,ALML,3.0,chemical
AVJR,PVCR,7.0,chemical
AVJR,AVM,1.0,chemical
AVJR,FLPR,2.0,chemical
AVJR,AVFR,1.0,chemical
AVJR,SABVL,3.0,chemical
URBR,CEPVR,4.0,chemical
URBR,ADLR,2.0,chemical
URBR,SMBDL,4.0,chemical
URBR,AVBR,1.0,chemical
URBR,IL2R,3.0,chemical
URBR,OLLR,1.0,chemical
URBR,URXR,16.0,chemical
URBR,ADAR,5.0,chemical
URBR,SMBVR,1.0,chemical
URBR,AVDL,1.0,chemical
URBR,RMGR,8.0,chemical
URBR,RICL,1.0,chemical
URBR,RICR,1.0,chemical
URBR,CEPDR,1.0,chemical
URBR,RMDR,1.0,chemical
URBR,SIADL,3.0,chemical
URBR,SIAVR,3.0,chemical
URBR,ADER,1.0,chemical
URBR,RMDL,1.0,chemical
URBR,SIBDR,2.0,chemical
URBR,IL1R,5.0,chemical
URBR,OLQDR,2.0,chemical
URBR,IL1DR,2.0,chemical
URBR,SIBVR,2.0,chemical
RICL,SAAVL,2.0,chemical
RICL,ADLR,2.0,chemical
RICL,CEPDL,1.0,chemical
RICL,ADAL,1.0,chemical
RICL,SMBDL,5.0,chemical
RICL,ADAR,7.0,chemical
RICL,SMBDR,1.0,chemical
RICL,AVAL,15.0,chemical
RICL,RIML,1.0,chemical
RICL,AVAR,18.0,chemical
RICL,OLQVL,1.0,chemical
RICL,URBR,2.0,chemical
RICL,RICR,2.0,chemical
RICL,RIVR,4.0,chemical
RICL,SMDDR,8.0,chemical
RICL,CEPVL,2.0,chemical
RICL,SMDDL,11.0,chemical
RICL,RIMR,8.0,chemical
RICL,SMDVR,1.0,chemical
RICL,RMFR,2.0,chemical
RICR,AIZL,6.0,chemical
RICR,AIBL,2.0,chemical
RICR,RMFL,1.0,chemical
RICR,AIBR,2.0,chemical
RICR,CEPDL,1.0,chemical
RICR,RIVL,1.0,chemical
RICR,SMDVL,6.0,chemical
RICR,ADAR,2.0,chemical
RICR,SMBDR,3.0,chemical
RICR,AVAL,15.0,chemical
RICR,RIML,10.0,chemical
RICR,AVAR,13.0,chemical
RICR,URBR,2.0,chemical
RICR,RICL,3.0,chemical
RICR,RMGL,1.0,chemical
RICR,CEPDR,1.0,chemical
RICR,SMDDR,9.0,chemical
RICR,SMDDL,9.0,chemical
RICR,VB1,7.0,chemical
RICR,RIMR,1.0,chemical
RICR,SMDVR,3.0,chemical
RICR,AVKR,1.0,chemical
RIPR,ADFR,1.0,chemical
RIPR,OLQVR,2.0,chemical
RIPR,AVBR,2.0,chemical
RIPR,RIH,1.0,chemical
RIPR,URBR,1.0,chemical
RIPR,BAGR,2.0,chemical
RIPR,URAVR,1.0,chemical
RIPR,IL1R,1.0,chemical
RIPR,OLQDR,3.0,chemical
SIBVL,SMBDR,1.0,chemical
SIBVL,SIAVR,5.0,chemical
SIBVL,ALNR,1.0,chemical
SIBVL,PVPL,1.0,chemical
BAGR,AIYL,3.0,chemical
BAGR,RIBL,22.0,chemical
BAGR,RIAL,18.0,chemical
BAGR,RIGL,10.0,chemical
BAGR,SMDVL,1.0,chemical
BAGR,BAGL,3.0,chemical
BAGR,AVAL,4.0,chemical
BAGR,OLQVL,2.0,chemical
BAGR,RIBR,1.0,chemical
BAGR,AVEL,8.0,chemical
BAGR,AQR,3.0,chemical
AINL,ASIL,11.0,chemical
AINL,RIBL,2.0,chemical
AINL,SAAVL,3.0,chemical
AINL,RMFL,1.0,chemical
AINL,ASGR,1.0,chemical
AINL,ASEL,1.0,chemical
AINL,AIAR,1.0,chemical
AINL,AFDR,10.0,chemical
AINL,AUAR,2.0,chemical
AINL,BAGL,5.0,chemical
AINL,RIBR,3.0,chemical
AINL,RID,2.0,chemical
AINL,RMDVL,3.0,chemical
RIBR,AIBL,3.0,chemical
RIBR,AUAR,2.0,chemical
RIBR,AIZR,2.0,chemical
RIBR,RIGR,5.0,chemical
RIBR,AVBL,2.0,chemical
RIBR,URYVR,2.0,chemical
RIBR,RIAR,8.0,chemical
RIBR,OLLR,1.0,chemical
RIBR,SMDVL,2.0,chemical
RIBR,BAGL,8.0,chemical
RIBR,RIH,2.0,chemical
RIBR,AVAR,6.0,chemical
RIBR,AVER,4.0,chemical
RIBR,AINL,1.0,chemical
RIBR,AVEL,6.0,chemical
RIBR,RIS,1.0,chemical
RIBR,SMDDL,2.0,chemical
RIBR,SMDVR,2.0,chemical
RIBR,RMED,1.0,chemical
RIBR,RMDVR,1.0,chemical
AVEL,AVAL,17.0,chemical
AVEL,AVDL,5.0,chemical
AVEL,AVAR,3.0,chemical
AVEL,PVCL,1.0,chemical
AVEL,RMGL,2.0,chemical
AVEL,ALML,1.0,chemical
AVEL,PVCR,2.0,chemical
AVEL,DA1,11.0,chemical
AVEL,VA1,12.0,chemical
AVEL,SABD,18.0,chemical
AVEL,DA2,5.0,chemical
AVEL,DB3,1.0,chemical
AVEL,DB4,1.0,chemical
AVEL,PVT,1.0,chemical
AVEL,VD3,1.0,chemical
AVEL,SABVL,16.0,chemical
AVEL,SABVR,12.0,chemical
AVEL,DA3,6.0,chemical
AVEL,DA4,1.0,chemical
AVEL,VA3,1.0,chemical
AVEL,AS1,3.0,chemical
AVEL,AS3,2.0,chemical
AVEL,VA4,1.0,chemical
AVEL,VD2,1.0,chemical
RID,FLPL,1.0,chemical
RID,AS11,1.0,chemical
RID,DD1,3.0,chemical
RID,DA2,1.0,chemical
RID,RMED,5.0,chemical
RID,DD2,2.0,chemical
RID,VD13,2.0,chemical
RID,DA6,2.0,chemical
RID,DB1,1.0,chemical
RID,DD3,2.0,chemical
RID,VD5,1.0,chemical
URAVR,URYVR,1.0,chemical
URAVR,RIH,1.0,chemical
URAVR,ADAR,1.0,chemical
URAVR,RIPR,13.0,chemical
URAVR,RMDDR,1.0,chemical
URAVR,RMDVL,1.0,chemical
URAVR,RMER,4.0,chemical
URAVR,IL1R,2.0,chemical
URAVR,PVT,3.0,chemical
URAVR,RMEL,1.0,chemical
URAVR,RMEV,2.0,chemical
URAVR,IL2VR,3.0,chemical
URAVR,IL1VR,9.0,chemical
RIVR,RIAL,6.0,chemical
RIVR,SMBVL,1.0,chemical
RIVR,RIAR,2.0,chemical
RIVR,RIVL,8.0,chemical
RIVR,RMDDL,1.0,chemical
RIVR,RMDR,4.0,chemical
RIVR,SAADL,12.0,chemical
RIVR,SIAVL,5.0,chemical
RIVR,RMHR,2.0,chemical
RIVR,SMDDL,6.0,chemical
RIVR,SMDVR,3.0,chemical
RIVR,RMDVR,1.0,chemical
AQR,RIAL,8.0,chemical
AQR,RIR,1.0,chemical
AQR,RIGL,1.0,chemical
AQR,AVBL,7.0,chemical
AQR,RIAR,4.0,chemical
AQR,AVBR,12.0,chemical
AQR,URXL,5.0,chemical
AQR,BAGL,8.0,chemical
AQR,PVPR,1.0,chemical
AQR,AVAL,4.0,chemical
AQR,AVDL,3.0,chemical
AQR,AVDR,2.0,chemical
AQR,AVAR,6.0,chemical
AQR,PVCL,1.0,chemical
AQR,AVJL,3.0,chemical
AQR,BAGR,5.0,chemical
AQR,DVA,6.0,chemical
AQR,PVPL,3.0,chemical
AQR,PVCR,4.0,chemical
IL1DL,RIPL,11.0,chemical
IL1DL,RMDDR,3.0,chemical
IL1DL,RMDVL,3.0,chemical
IL1DL,IL2DL,1.0,chemical
IL1DL,URADL,10.0,chemical
IL1DL,RMEL,1.0,chemical
RMGL,AIBR,2.0,chemical
RMGL,CEPDL,1.0,chemical
RMGL,ASHL,1.0,chemical
RMGL,ADAL,4.0,chemical
RMGL,SMBVL,2.0,chemical
RMGL,AVBR,3.0,chemical
RMGL,ADLL,1.0,chemical
RMGL,URXL,3.0,chemical
RMGL,AVAL,3.0,chemical
RMGL,AIML,3.0,chemical
RMGL,SIBVL,4.0,chemical
RMGL,AVEL,2.0,chemical
RMGL,RID,2.0,chemical
RMGL,RMDR,16.0,chemical
RMGL,SIADL,2.0,chemical
RMGL,RMDDR,1.0,chemical
RMGL,RMHL,1.0,chemical
RMGL,SIADR,2.0,chemical
RMGL,SMDDR,2.0,chemical
RMGL,SAADL,1.0,chemical
RMGL,SIAVL,4.0,chemical
RMGL,RMDVL,15.0,chemical
RMGL,RMHR,4.0,chemical
RMGL,PVPL,1.0,chemical
RMGL,RIFL,1.0,chemical
RMGL,SMDDL,1.0,chemical
RMGL,RMDL,2.0,chemical
RMGL,SIBDR,1.0,chemical
RMGL,SIBVR,4.0,chemical
RMGL,AVFR,1.0,chemical
ALMR,CEPVR,3.0,chemical
ALMR,URBR,1.0,chemical
ALMR,CEPDR,1.0,chemical
ALMR,RMDDL,1.0,chemical
ALMR,SIADL,1.0,chemical
ALMR,PVCR,10.0,chemical
ALMR,BDUR,14.0,chemical
ALMR,SMDDL,1.0,chemical
CEPDR,RIFR,2.0,chemical
CEPDR,SMBDL,1.0,chemical
CEPDR,OLLR,13.0,chemical
CEPDR,URXR,2.0,chemical
CEPDR,RIH,4.0,chemical
CEPDR,RMGR,1.0,chemical
CEPDR,URBR,14.0,chemical
CEPDR,RICL,13.0,chemical
CEPDR,RICR,19.0,chemical
CEPDR,RIBR,3.0,chemical
CEPDR,AVEL,9.0,chemical
CEPDR,CEPDR,6.0,chemical
CEPDR,RMDR,1.0,chemical
CEPDR,RMHL,7.0,chemical
CEPDR,RMHR,1.0,chemical
CEPDR,BDUR,5.0,chemical
CEPDR,IL1R,1.0,chemical
CEPDR,OLQDR,20.0,chemical
CEPDR,IL1DR,15.0,chemical
CEPDR,URADR,3.0,chemical
CEPDR,URYDR,3.0,chemical
CEPDR,RMDVR,3.0,chemical
CEPDR,SIBVR,1.0,chemical
RMDDL,RIAL,1.0,chemical
RMDDL,AVER,1.0,chemical
RMDDL,RMHL,1.0,chemical
RMDDL,RMDVL,1.0,chemical
RMDDL,CEPVL,2.0,chemical
RMDDL,IL1R,9.0,chemical
RMDDL,RMEV,2.0,chemical
RMDDL,IL1DR,2.0,chemical
RMDDL,RMDVR,22.0,chemical
RMDR,RIAL,14.0,chemical
RMDR,RIAR,21.0,chemical
RMDR,OLLR,2.0,chemical
RMDR,RMGL,1.0,chemical
RMDR,RMDDL,6.0,chemical
RMDR,SMDDR,1.0,chemical
RMDR,SIAVL,1.0,chemical
RMDR,RMDVL,9.0,chemical
RMDR,RIS,1.0,chemical
RMDR,RIMR,1.0,chemical
RMDR,IL1L,2.0,chemical
RMDR,RMDL,11.0,chemical
RMDR,AVKR,1.0,chemical
SIADL,SMBDL,18.0,chemical
SIADL,ALNR,4.0,chemical
SIADL,SDQR,4.0,chemical
SIADL,SMDDL,17.0,chemical
SIADL,RMDL,4.0,chemical
SIADL,SIBDL,4.0,chemical
SIADL,AVFR,1.0,chemical
SIAVR,SIBVL,2.0,chemical
SIAVR,PLNR,10.0,chemical
SIAVR,RMDL,1.0,chemical
ALNL,SAAVL,8.0,chemical
ALNL,RIAL,1.0,chemical
ALNL,SMDVL,1.0,chemical
ALNL,SMBDR,7.0,chemical
ALNL,RMGL,1.0,chemical
ALNL,RMDDR,1.0,chemical
ALNL,RMHL,1.0,chemical
ALNL,SIADR,1.0,chemical
RMDDR,RMDDL,1.0,chemical
RMDDR,RMDVL,26.0,chemical
RMDDR,RMDVR,3.0,chemical
RMHL,SAAVL,1.0,chemical
RMHL,URXR,1.0,chemical
RMHL,AVAR,1.0,chemical
RMHL,RICL,1.0,chemical
RMHL,RICR,1.0,chemical
RMHL,RID,1.0,chemical
RMHL,RMDDL,2.0,chemical
RMHL,RMDR,1.0,chemical
RMHL,IL1R,2.0,chemical
SIADR,CEPDL,1.0,chemical
SIADR,SMBDR,17.0,chemical
SIADR,AVAL,1.0,chemical
SIADR,SMDDR,17.0,chemical
SIADR,SDQL,4.0,chemical
SIADR,ALML,1.0,chemical
SIADR,SIBDR,4.0,chemical
SIADR,IL1VR,1.0,chemical
ALNR,SMBDL,4.0,chemical
ALNR,SMDVL,2.0,chemical
ALNR,AVAL,6.0,chemical
ALNR,RIML,5.0,chemical
ALNR,ADER,1.0,chemical
ALNR,SAAVR,6.0,chemical
ALNR,SMDDR,1.0,chemical
ADER,CEPVR,1.0,chemical
ADER,ASIR,1.0,chemical
ADER,RIGR,11.0,chemical
ADER,RIGL,12.0,chemical
ADER,RIAR,1.0,chemical
ADER,IL2R,1.0,chemical
ADER,OLLR,3.0,chemical
ADER,URXR,2.0,chemical
ADER,ADAR,1.0,chemical
ADER,AVAL,9.0,chemical
ADER,AVDR,5.0,chemical
ADER,AVAR,4.0,chemical
ADER,RMGR,5.0,chemical
ADER,AVER,4.0,chemical
ADER,AVJR,1.0,chemical
ADER,URBR,1.0,chemical
ADER,CEPDR,5.0,chemical
ADER,RMDR,6.0,chemical
ADER,ALNR,1.0,chemical
ADER,FLPL,1.0,chemical
ADER,FLPR,4.0,chemical
ADER,ADEL,3.0,chemical
ADER,RMDL,1.0,chemical
ADER,IL1R,1.0,chemical
ADER,SMDVR,1.0,chemical
SAAVR,RIPL,12.0,chemical
SAAVR,ASIR,1.0,chemical
SAAVR,AIBR,1.0,chemical
SAAVR,AVBL,1.0,chemical
SAAVR,SMBDL,1.0,chemical
SAAVR,RIAR,1.0,chemical
SAAVR,RIML,12.0,chemical
SAAVR,AVAR,39.0,chemical
SAAVR,IL1DL,12.0,chemical
SAAVR,ALNR,1.0,chemical
SAAVR,SAAVR,1.0,chemical
SAAVR,SMDDL,17.0,chemical
SAAVR,RIMR,7.0,chemical
SAAVR,RMEV,1.0,chemical
SMDDR,ASGL,1.0,chemical
SMDDR,RIBL,1.0,chemical
SMDDR,RIAL,5.0,chemical
SMDDR,ASJL,1.0,chemical
SMDDR,AIZR,2.0,chemical
SMDDR,RIAR,3.0,chemical
SMDDR,RIVL,1.0,chemical
SMDDR,SMDVL,5.0,chemical
SMDDR,SMBDR,3.0,chemical
SMDDR,AVER,1.0,chemical
SMDDR,RMDR,1.0,chemical
SMDDR,ALNL,1.0,chemical
SMDDR,SIADR,14.0,chemical
SMDDR,ALNR,2.0,chemical
SMDDR,RIS,3.0,chemical
SMDDR,SMDDL,4.0,chemical
SMDDR,RIMR,3.0,chemical
SMDDR,SIBDR,14.0,chemical
PLNL,SMBVL,10.0,chemical
PLNL,SAADL,5.0,chemical
PLNL,SIAVL,10.0,chemical
SAADL,AIBL,1.0,chemical
SAADL,RIGL,1.0,chemical
SAADL,OLLR,4.0,chemical
SAADL,AVAL,17.0,chemical
SAADL,RIML,11.0,chemical
SAADL,RIVR,1.0,chemical
SAADL,RIMR,16.0,chemical
SAADL,SABD,2.0,chemical
SAADL,RMDVR,1.0,chemical
SAADL,SIBVR,1.0,chemical
SAADL,RMFR,1.0,chemical
SIAVL,SMBVL,2.0,chemical
SIAVL,IL2L,1.0,chemical
SIAVL,PLNL,10.0,chemical
SIAVL,ADEL,1.0,chemical
SIAVL,SMDVR,10.0,chemical
SIAVL,SIBVR,2.0,chemical
PLNR,SAAVL,1.0,chemical
PLNR,SMDVL,2.0,chemical
PLNR,SMBVR,10.0,chemical
PLNR,SIAVR,10.0,chemical
PLNR,SAADR,8.0,chemical
PLNR,RMDVL,1.0,chemical
SAADR,AIBL,1.0,chemical
SAADR,RMFL,5.0,chemical
SAADR,AIBR,1.0,chemical
SAADR,SMDVL,5.0,chemical
SAADR,SMBDR,2.0,chemical
SAADR,SMBVR,1.0,chemical
SAADR,AVAL,1.0,chemical
SAADR,RIML,14.0,chemical
SAADR,AVAR,26.0,chemical
SAADR,RMGL,1.0,chemical
SAADR,PLNR,1.0,chemical
SAADR,RIMR,23.0,chemical
SAADR,SABD,2.0,chemical
SAADR,OLLL,3.0,chemical
SAADR,RMFR,1.0,chemical
RMDVL,CEPDL,2.0,chemical
RMDVL,URYVR,1.0,chemical
RMDVL,OLQVR,3.0,chemical
RMDVL,AVER,2.0,chemical
RMDVL,RMDR,2.0,chemical
RMDVL,SIAVR,2.0,chemical
RMDVL,RMDDR,41.0,chemical
RMDVL,SIBDR,1.0,chemical
RMDVL,IL1R,2.0,chemical
RMDVL,IL2VR,1.0,chemical
RMDVL,RMDVR,1.0,chemical
SDQL,RMFL,3.0,chemical
SDQL,AIBR,2.0,chemical
SDQL,AVBL,1.0,chemical
SDQL,AVBR,2.0,chemical
SDQL,SMBDR,11.0,chemical
SDQL,AVAL,6.0,chemical
SDQL,AVDL,3.0,chemical
SDQL,AVAR,8.0,chemical
SDQL,PVCL,1.0,chemical
SDQL,RICR,3.0,chemical
SDQL,RIPR,1.0,chemical
SDQL,SIBVL,1.0,chemical
SDQL,AVEL,1.0,chemical
SDQL,SIADR,2.0,chemical
SDQL,SAADR,2.0,chemical
SDQL,ALML,1.0,chemical
SDQL,FLPL,2.0,chemical
SDQL,DVA,1.0,chemical
SDQL,RIS,8.0,chemical
SDQL,PVR,1.0,chemical
ALML,CEPDL,2.0,chemical
ALML,SMBDR,2.0,chemical
ALML,AIML,1.0,chemical
ALML,AVDR,3.0,chemical
ALML,PVCL,11.0,chemical
ALML,RICL,2.0,chemical
ALML,RICR,3.0,chemical
ALML,AVEL,3.0,chemical
ALML,RMGL,3.0,chemical
ALML,RMDDR,1.0,chemical
ALML,SDQL,2.0,chemical
ALML,ALML,1.0,chemical
ALML,PVCR,4.0,chemical
ALML,CEPVL,3.0,chemical
ALML,RIFL,2.0,chemical
ALML,BDUL,15.0,chemical
FLPL,AIBL,3.0,chemical
FLPL,AIBR,3.0,chemical
FLPL,AVBL,22.0,chemical
FLPL,AVBR,22.0,chemical
FLPL,AVAL,33.0,chemical
FLPL,AVDL,30.0,chemical
FLPL,AVDR,34.0,chemical
FLPL,AVAR,48.0,chemical
FLPL,ADER,3.0,chemical
FLPL,DVA,1.0,chemical
FLPL,RIS,1.0,chemical
FLPL,PVCR,6.0,chemical
FLPL,FLPR,2.0,chemical
FLPL,ADEL,22.0,chemical
FLPL,DD1,6.0,chemical
FLPL,VA1,5.0,chemical
DVA,AIZL,5.0,chemical
DVA,SAAVL,3.0,chemical
DVA,RIAL,3.0,chemical
DVA,RIR,4.0,chemical
DVA,AUAR,8.0,chemical
DVA,AIZR,3.0,chemical
DVA,AVBL,1.0,chemical
DVA,SMBDL,6.0,chemical
DVA,SMBVL,5.0,chemical
DVA,RIAR,4.0,chemical
DVA,AVBR,1.0,chemical
DVA,URXL,1.0,chemical
DVA,AUAL,4.0,chemical
DVA,SMDVL,1.0,chemical
DVA,PVPR,3.0,chemical
DVA,SMBDR,6.0,chemical
DVA,SMBVR,6.0,chemical
DVA,AVAL,6.0,chemical
DVA,AVDR,2.0,chemical
DVA,AVAR,2.0,chemical
DVA,AVER,17.0,chemical
DVA,PVCL,4.0,chemical
DVA,AVEL,19.0,chemical
DVA,AQR,6.0,chemical
DVA,SAAVR,1.0,chemical
DVA,SAADR,5.0,chemical
DVA,PVR,2.0,chemical
DVA,PVCR,1.0,chemical
DVA,DB7,1.0,chemical
DVA,VA2,2.0,chemical
DVA,PDEL,2.0,chemical
DVA,VB1,1.0,chemical
DVA,URYDL,3.0,chemical
DVA,RIMR,5.0,chemical
DVA,SABD,2.0,chemical
DVA,DA2,1.0,chemical
DVA,DB2,2.0,chemical
DVA,DB3,3.0,chemical
DVA,DB4,1.0,chemical
DVA,VA6,1.0,chemical
DVA,VA8,1.0,chemical
DVA,VA12,1.0,chemical
DVA,VB7,1.0,chemical
DVA,VB11,2.0,chemical
RIS,CEPVR,4.0,chemical
RIS,RIBL,8.0,chemical
RIS,CEPDL,4.0,chemical
RIS,URYVR,5.0,chemical
RIS,OLLR,5.0,chemical
RIS,SMDVL,1.0,chemical
RIS,RIML,10.0,chemical
RIS,AVER,18.0,chemical
RIS,RIBR,18.0,chemical
RIS,AVEL,17.0,chemical
RIS,CEPDR,1.0,chemical
RIS,RMDDL,1.0,chemical
RIS,RMDR,16.0,chemical
RIS,RMDDR,1.0,chemical
RIS,SMDDR,6.0,chemical
RIS,RIS,3.0,chemical
RIS,CEPVL,7.0,chemical
RIS,SMDDL,1.0,chemical
RIS,AVKL,6.0,chemical
RIS,RIMR,15.0,chemical
RIS,AVL,9.0,chemical
RIS,RMDL,10.0,chemical
RIS,SMDVR,1.0,chemical
RIS,RMEV,3.0,chemical
RIS,URYDR,1.0,chemical
RIS,AVKR,13.0,chemical
PVR,RIPL,16.0,chemical
PVR,CEPVR,2.0,chemical
PVR,AVBL,17.0,chemical
PVR,AVBR,17.0,chemical
PVR,ADAR,1.0,chemical
PVR,PVCL,4.0,chemical
PVR,AVJL,11.0,chemical
PVR,AVJR,5.0,chemical
PVR,RIPR,19.0,chemical
PVR,ALMR,2.0,chemical
PVR,DVA,2.0,chemical
PVR,PVR,1.0,chemical
PVR,SDQR,5.0,chemical
PVR,DB7,2.0,chemical
PVR,AVKL,1.0,chemical
PVR,VB3,2.0,chemical
PVR,PVM,1.0,chemical
PVR,PDER,1.0,chemical
PVR,SABD,2.0,chemical
PVR,DB2,2.0,chemical
PVR,DB3,3.0,chemical
PVR,DB4,1.0,chemical
PVR,VB7,1.0,chemical
PVR,DA9,2.0,chemical
PVR,URADL,3.0,chemical
PVR,IL1DR,5.0,chemical
PVR,IL1VL,9.0,chemical
PVR,IL1VR,9.0,chemical
PVR,DA5,1.0,chemical
SDQR,AIBL,8.0,chemical
SDQR,AVBL,23.0,chemical
SDQR,AVBR,19.0,chemical
SDQR,ADLL,1.0,chemical
SDQR,AVAL,8.0,chemical
SDQR,RICL,1.0,chemical
SDQR,RICR,3.0,chemical
SDQR,SIADL,2.0,chemical
SDQR,RMHL,15.0,chemical
SDQR,SDQL,4.0,chemical
SDQR,ALML,1.0,chemical
SDQR,DVA,10.0,chemical
SDQR,RMHR,7.0,chemical
RMHR,AIBR,3.0,chemical
RMHR,RMGL,8.0,chemical
RMHR,RMDR,1.0,chemical
RMHR,RMHL,3.0,chemical
RMHR,CEPVL,1.0,chemical
RMHR,SMDDL,3.0,chemical
RMHR,RMER,4.0,chemical
RMHR,RMDL,4.0,chemical
PVPL,ADAL,1.0,chemical
PVPL,RIR,1.0,chemical
PVPL,AVHR,3.0,chemical
PVPL,RIGL,3.0,chemical
PVPL,AVBL,13.0,chemical
PVPL,AVBR,12.0,chemical
PVPL,AVAL,4.0,chemical
PVPL,AVDR,3.0,chemical
PVPL,AVAR,3.0,chemical
PVPL,PVCL,3.0,chemical
PVPL,AQR,8.0,chemical
PVPL,PVCR,9.0,chemical
PVPL,PVDL,1.0,chemical
PVCR,AVBL,21.0,chemical
PVCR,AVBR,14.0,chemical
PVCR,AVHL,1.0,chemical
PVCR,PVPR,1.0,chemical
PVCR,AVAL,10.0,chemical
PVCR,AVDL,16.0,chemical
PVCR,AVDR,6.0,chemical
PVCR,AVAR,5.0,chemical
PVCR,AVER,6.0,chemical
PVCR,PVCL,5.0,chemical
PVCR,AVEL,6.0,chemical
PVCR,RID,19.0,chemical
PVCR,AQR,2.0,chemical
PVCR,FLPL,2.0,chemical
PVCR,DVA,3.0,chemical
PVCR,PVR,1.0,chemical
PVCR,LUAR,1.0,chemical
PVCR,DB7,1.0,chemical
PVCR,VB3,1.0,chemical
PVCR,PDEL,1.0,chemical
PVCR,DA2,1.0,chemical
PVCR,DB2,4.0,chemical
PVCR,DB3,6.0,chemical
PVCR,DB4,6.0,chemical
PVCR,VB7,1.0,chemical
PVCR,VB11,3.0,chemical
PVCR,PVDL,2.0,chemical
PVCR,PVDR,1.0,chemical
PVCR,VB6,4.0,chemical
PVCR,AVL,1.0,chemical
PVCR,SIBVR,10.0,chemical
PVCR,DA5,2.0,chemical
PVCR,PVWR,1.0,chemical
PVCR,DA4,1.0,chemical
PVCR,DA7,1.0,chemical
PVCR,DB5,3.0,chemical
PVCR,VB4,1.0,chemical
PVCR,VB8,2.0,chemical
PQR,AVHL,1.0,chemical
PQR,PVPR,1.0,chemical
PQR,AVAL,23.0,chemical
PQR,AVDL,15.0,chemical
PQR,AVDR,20.0,chemical
PQR,AVAR,26.0,chemical
PQR,PVCL,1.0,chemical
PQR,AVJR,1.0,chemical
PQR,PVCR,1.0,chemical
PQR,PHBL,2.0,chemical
PQR,LUAR,3.0,chemical
PQR,PVNL,2.0,chemical
PQR,AVG,1.0,chemical
PQR,DA8,1.0,chemical
PQR,DB7,2.0,chemical
PQR,AS11,2.0,chemical
PHBL,AVAL,48.0,chemical
PHBL,AVDL,6.0,chemical
PHBL,AVDR,1.0,chemical
PHBL,AVAR,33.0,chemical
PHBL,PVCL,71.0,chemical
PHBL,PVNL,1.0,chemical
PHBL,AVG,1.0,chemical
PHBL,DA8,1.0,chemical
PHBL,AS11,1.0,chemical
PHBL,VA12,5.0,chemical
PHBL,PHBR,4.0,chemical
LUAR,AVAL,13.0,chemical
LUAR,AVDL,5.0,chemical
LUAR,AVDR,14.0,chemical
LUAR,AVAR,31.0,chemical
LUAR,AVJR,4.0,chemical
LUAR,PVR,2.0,chemical
LUAR,PVCR,9.0,chemical
LUAR,PQR,7.0,chemical
LUAR,PVNL,1.0,chemical
LUAR,PVWL,3.0,chemical
LUAR,PVWR,2.0,chemical
LUAR,PDB,2.0,chemical
PVNL,AVBR,2.0,chemical
PVNL,PVPR,1.0,chemical
PVNL,AVAL,6.0,chemical
PVNL,AVDL,7.0,chemical
PVNL,AVDR,6.0,chemical
PVNL,PVCL,5.0,chemical
PVNL,AVJL,6.0,chemical
PVNL,AVJR,8.0,chemical
PVNL,PQR,5.0,chemical
PVNL,AVG,2.0,chemical
PVNL,BDUL,5.0,chemical
PVNL,BDUR,2.0,chemical
PVNL,PVNR,9.0,chemical
PVNL,DD1,5.0,chemical
PVNL,VA12,1.0,chemical
PVNL,PVDL,3.0,chemical
PVNL,AVL,1.0,chemical
PVNL,PVT,6.0,chemical
PVNL,LUAL,3.0,chemical
PVNL,PVWL,4.0,chemical
PVNL,PVWR,1.0,chemical
PVNL,VD12,1.0,chemical
AVG,PVQR,2.0,chemical
AVG,AVBL,5.0,chemical
AVG,AVBR,3.0,chemical
AVG,AVAL,3.0,chemical
AVG,AVFL,3.0,chemical
AVG,AVDL,1.0,chemical
AVG,AVDR,3.0,chemical
AVG,AVAR,3.0,chemical
AVG,AVER,1.0,chemical
AVG,PVCL,1.0,chemical
AVG,AVJL,7.0,chemical
AVG,AVJR,3.0,chemical
AVG,AVEL,2.0,chemical
AVG,PVCR,2.0,chemical
AVG,PVNL,2.0,chemical
AVG,AVG,2.0,chemical
AVG,DA8,1.0,chemical
AVG,PVNR,4.0,chemical
AVG,VA6,1.0,chemical
AVG,PHAL,3.0,chemical
AVG,PVT,2.0,chemical
AVG,DVC,2.0,chemical
AVG,VC1,2.0,chemical
DA8,DB7,1.0,chemical
DA8,DD5,4.0,chemical
DA8,VD10,7.0,chemical
DA8,VD11,5.0,chemical
DA8,VD12,5.0,chemical
DA8,VD13,5.0,chemical
DA8,VD9,5.0,chemical
DA8,DA7,1.0,chemical
DA8,DD4,4.0,chemical
DA8,VD8,5.0,chemical
DB7,AS11,2.0,chemical
DB7,VD10,7.0,chemical
DB7,DA9,3.0,chemical
DB7,DD6,1.0,chemical
DB7,AS10,2.0,chemical
DB7,VD11,5.0,chemical
DB7,VD12,5.0,chemical
DB7,VD13,1.0,chemical
DB7,VD9,5.0,chemical
DB7,VD8,5.0,chemical
AS11,DB7,1.0,chemical
AS11,DD6,2.0,chemical
AS11,VD12,20.0,chemical
AS11,VD13,3.0,chemical
CEPVL,RIPL,4.0,chemical
CEPVL,RIBL,3.0,chemical
CEPVL,RIAL,1.0,chemical
CEPVL,SMBVL,1.0,chemical
CEPVL,URXL,2.0,chemical
CEPVL,AVER,5.0,chemical
CEPVL,OLQVL,19.0,chemical
CEPVL,RICL,20.0,chemical
CEPVL,RICR,17.0,chemical
CEPVL,RMGL,2.0,chemical
CEPVL,RMDDL,7.0,chemical
CEPVL,RMHL,10.0,chemical
CEPVL,SIAVL,6.0,chemical
CEPVL,PVR,3.0,chemical
CEPVL,RMHR,5.0,chemical
CEPVL,OLLL,4.0,chemical
CEPVL,SMDVR,1.0,chemical
CEPVL,URAVL,6.0,chemical
CEPVL,IL1VL,9.0,chemical
CEPVL,RMDVR,8.0,chemical
CEPVL,URYVL,5.0,chemical
RIFL,AVHR,1.0,chemical
RIFL,AVBL,26.0,chemical
RIFL,AVBR,1.0,chemical
RIFL,RIML,7.0,chemical
RIFL,AVJR,8.0,chemical
RIFL,ALML,5.0,chemical
RIFL,PVPL,8.0,chemical
BDUL,HSNL,3.0,chemical
BDUL,ADAL,2.0,chemical
BDUL,AVHL,2.0,chemical
BDUL,AVJR,2.0,chemical
BDUL,RMGL,3.0,chemical
BDUL,SAADL,3.0,chemical
BDUL,ALML,1.0,chemical
BDUL,PVNL,2.0,chemical
BDUL,RIFL,2.0,chemical
BDUL,PVNR,4.0,chemical
BDUL,ADEL,6.0,chemical
BDUL,URADL,3.0,chemical
BDUR,CEPVR,1.0,chemical
BDUR,HSNR,8.0,chemical
BDUR,AVBR,1.0,chemical
BDUR,AVHL,2.0,chemical
BDUR,AVAL,7.0,chemical
BDUR,PVCL,3.0,chemical
BDUR,AVJL,5.0,chemical
BDUR,ALMR,4.0,chemical
BDUR,ADER,4.0,chemical
BDUR,SDQL,2.0,chemical
BDUR,PVNL,11.0,chemical
BDUR,PVNR,5.0,chemical
BDUR,URADR,3.0,chemical
SMDDL,RIAL,9.0,chemical
SMDDL,SMBDL,3.0,chemical
SMDDL,RIAR,14.0,chemical
SMDDL,SMDVL,2.0,chemical
SMDDL,RIML,2.0,chemical
SMDDL,AVER,1.0,chemical
SMDDL,AVEL,1.0,chemical
SMDDL,RIVR,1.0,chemical
SMDDL,RMDR,1.0,chemical
SMDDL,SIADL,14.0,chemical
SMDDL,SAAVR,1.0,chemical
SMDDL,SMDDR,1.0,chemical
SMDDL,RIS,2.0,chemical
SMDDL,URYDL,1.0,chemical
SMDDL,RIMR,1.0,chemical
SMDDL,RMDL,3.0,chemical
SMDDL,SMDVR,17.0,chemical
SMDDL,SIBDL,14.0,chemical
AVM,AVBL,13.0,chemical
AVM,AVBR,9.0,chemical
AVM,AVHL,3.0,chemical
AVM,AVDL,1.0,chemical
AVM,AVDR,1.0,chemical
AVM,PVCL,10.0,chemical
AVM,AVJR,1.0,chemical
AVM,SIBVL,4.0,chemical
AVM,RID,2.0,chemical
AVM,ADER,4.0,chemical
AVM,PVR,6.0,chemical
AVM,PVCR,17.0,chemical
AVM,PVNL,4.0,chemical
AVM,BDUL,3.0,chemical
AVM,BDUR,5.0,chemical
AVM,PVNR,3.0,chemical
AVM,AVKL,1.0,chemical
AVM,DA1,2.0,chemical
AVM,VA2,1.0,chemical
AVM,VB3,1.0,chemical
PVNR,CEPDL,2.0,chemical
PVNR,HSNR,1.0,chemical
PVNR,AVBR,1.0,chemical
PVNR,URXL,2.0,chemical
PVNR,AVAL,5.0,chemical
PVNR,AVDL,1.0,chemical
PVNR,AVDR,2.0,chemical
PVNR,AVJL,1.0,chemical
PVNR,AVJR,1.0,chemical
PVNR,AVEL,5.0,chemical
PVNR,ALML,2.0,chemical
PVNR,PVR,1.0,chemical
PVNR,PVCR,2.0,chemical
PVNR,PQR,4.0,chemical
PVNR,BDUL,1.0,chemical
PVNR,PVNR,1.0,chemical
PVNR,DB3,1.0,chemical
PVNR,PVDR,5.0,chemical
PVNR,URBL,2.0,chemical
PVNR,AVL,3.0,chemical
PVNR,PVT,3.0,chemical
PVNR,VC2,1.0,chemical
PVNR,DD2,1.0,chemical
PVNR,PVWL,9.0,chemical
PVNR,PVWR,2.0,chemical
PVNR,VD12,1.0,chemical
PVNR,VA5,1.0,chemical
PVNR,VA11,1.0,chemical
PVNR,VD3,3.0,chemical
PVNR,VD4,6.0,chemical
PVNR,VD6,1.0,chemical
PVNR,VD7,1.0,chemical
PVNR,VD13,1.0,chemical
AVKL,RMFL,2.0,chemical
AVKL,AVBL,2.0,chemical
AVKL,RIVL,5.0,chemical
AVKL,RIML,3.0,chemical
AVKL,AVER,2.0,chemical
AVKL,AVEL,4.0,chemical
AVKL,SIAVR,2.0,chemical
AVKL,SAADL,1.0,chemical
AVKL,SAADR,3.0,chemical
AVKL,DVA,1.0,chemical
AVKL,AVM,2.0,chemical
AVKL,PDEL,2.0,chemical
AVKL,PDER,1.0,chemical
AVKL,VB1,3.0,chemical
AVKL,RIMR,2.0,chemical
AVKL,RMDL,1.0,chemical
AVKL,SIBDR,2.0,chemical
DA1,FLPR,2.0,chemical
DA1,DD1,12.0,chemical
DA1,VD1,13.0,chemical
DA1,DB1,1.0,chemical
DA1,AS1,13.0,chemical
DA1,VD2,4.0,chemical
VA2,AVAL,1.0,chemical
VA2,DD1,20.0,chemical
VA2,VA1,2.0,chemical
VA2,VB1,1.0,chemical
VA2,VB2,1.0,chemical
VA2,VD1,1.0,chemical
VA2,VA3,2.0,chemical
VA2,VD2,27.0,chemical
VB3,DD2,36.0,chemical
VB3,VA5,1.0,chemical
VB3,VD3,4.0,chemical
VB3,VD4,6.0,chemical
VB3,VA4,10.0,chemical
PVM,PVCL,1.0,chemical
PVM,DVA,3.0,chemical
PVM,PVR,3.0,chemical
PVM,PVCR,2.0,chemical
PVM,AVM,2.0,chemical
PVM,AVKL,15.0,chemical
PVM,PVM,6.0,chemical
PVM,PDEL,10.0,chemical
PVM,PDER,7.0,chemical
PDEL,DVA,7.0,chemical
PDEL,PVR,2.0,chemical
PDEL,AVKL,5.0,chemical
PDEL,PVM,3.0,chemical
PDEL,PDER,4.0,chemical
PDER,PVCL,1.0,chemical
PDER,DVA,1.0,chemical
PDER,PVCR,1.0,chemical
PDER,AVKL,16.0,chemical
PDER,PVM,1.0,chemical
PDER,VB2,1.0,chemical
PLML,AVAL,4.0,chemical
PLML,AVDR,5.0,chemical
PLML,AVAR,5.0,chemical
PLML,DVA,9.0,chemical
PLML,PDEL,16.0,chemical
PLML,PDER,19.0,chemical
PLML,VA9,6.0,chemical
VA9,VB7,1.0,chemical
VA9,DD5,6.0,chemical
VA9,VD10,3.0,chemical
VA9,DD6,6.0,chemical
VA9,VD11,3.0,chemical
VA9,VD9,2.0,chemical
VA9,AS7,3.0,chemical
VA9,AS6,5.0,chemical
VA9,VB8,1.0,chemical
VA9,DD4,6.0,chemical
PLMR,AVAL,3.0,chemical
PLMR,AVDL,8.0,chemical
PLMR,AVDR,5.0,chemical
PLMR,AVAR,5.0,chemical
PLMR,DVA,19.0,chemical
PLMR,PDEL,18.0,chemical
PLMR,PDER,10.0,chemical
FLPR,ADAL,1.0,chemical
FLPR,AVBL,30.0,chemical
FLPR,AVBR,11.0,chemical
FLPR,ADAR,1.0,chemical
FLPR,AVAL,23.0,chemical
FLPR,AVDL,25.0,chemical
FLPR,AVDR,8.0,chemical
FLPR,AVAR,10.0,chemical
FLPR,AVER,7.0,chemical
FLPR,PVCL,2.0,chemical
FLPR,AVJL,2.0,chemical
FLPR,AVJR,2.0,chemical
FLPR,AVEL,21.0,chemical
FLPR,ADER,6.0,chemical
FLPR,FLPL,14.0,chemical
FLPR,DVA,6.0,chemical
FLPR,VB1,1.0,chemical
ADEL,RIAL,2.0,chemical
ADEL,CEPDL,1.0,chemical
ADEL,ADAL,1.0,chemical
ADEL,RIGR,15.0,chemical
ADEL,RIGL,18.0,chemical
ADEL,SMBVL,2.0,chemical
ADEL,RIVL,2.0,chemical
ADEL,RIH,3.0,chemical
ADEL,AVHL,2.0,chemical
ADEL,SMBDR,1.0,chemical
ADEL,AVAL,7.0,chemical
ADEL,IL2L,5.0,chemical
ADEL,AVDL,2.0,chemical
ADEL,AVAR,9.0,chemical
ADEL,AVEL,3.0,chemical
ADEL,RIVR,2.0,chemical
ADEL,RMGL,7.0,chemical
ADEL,RMHL,1.0,chemical
ADEL,SIADR,2.0,chemical
ADEL,ADER,5.0,chemical
ADEL,SAADR,1.0,chemical
ADEL,ALML,1.0,chemical
ADEL,FLPL,4.0,chemical
ADEL,RMHR,2.0,chemical
ADEL,CEPVL,1.0,chemical
ADEL,RIFL,1.0,chemical
ADEL,BDUL,1.0,chemical
ADEL,ADEL,2.0,chemical
ADEL,VB1,2.0,chemical
ADEL,OLLL,6.0,chemical
ADEL,IL1L,3.0,chemical
ADEL,URBL,2.0,chemical
ADEL,AVL,1.0,chemical
ADEL,RMER,1.0,chemical
ADEL,RMDL,11.0,chemical
ADEL,SIBDR,2.0,chemical
DD1,DA2,3.0,chemical
DD1,VD2,1.0,chemical
VA1,DD1,12.0,chemical
VA1,DA2,1.0,chemical
VA1,VD1,3.0,chemical
VB1,RMFL,10.0,chemical
VB1,AIBR,2.0,chemical
VB1,ADAL,5.0,chemical
VB1,SMBVL,3.0,chemical
VB1,RIML,10.0,chemical
VB1,SAADL,18.0,chemical
VB1,SAADR,5.0,chemical
VB1,VA2,2.0,chemical
VB1,DD1,1.0,chemical
VB1,VA1,7.0,chemical
VB1,SABD,1.0,chemical
VB1,VB2,1.0,chemical
VB1,VD1,4.0,chemical
VB1,VA3,2.0,chemical
VB1,VA4,2.0,chemical
VB1,VD2,2.0,chemical
URYDL,AIZL,1.0,chemical
URYDL,RIBL,8.0,chemical
URYDL,AVER,9.0,chemical
URYDL,AVEL,1.0,chemical
URYDL,IL1DL,3.0,chemical
URYDL,RMDDR,15.0,chemical
URYDL,SMDDR,3.0,chemical
URYDL,RMDVL,18.0,chemical
URYDL,SMDDL,2.0,chemical
URYDL,OLLL,3.0,chemical
URYDL,OLQDL,2.0,chemical
RIMR,AIBL,15.0,chemical
RIMR,SAAVL,11.0,chemical
RIMR,RMFL,1.0,chemical
RIMR,AVBL,9.0,chemical
RIMR,AVBR,12.0,chemical
RIMR,SMDVL,2.0,chemical
RIMR,ADAR,9.0,chemical
RIMR,AVAL,9.0,chemical
RIMR,RIML,4.0,chemical
RIMR,AVJL,4.0,chemical
RIMR,RIBR,4.0,chemical
RIMR,RMDR,12.0,chemical
RIMR,SAAVR,8.0,chemical
RIMR,SMDDR,14.0,chemical
RIMR,RIS,2.0,chemical
RIMR,SMDDL,9.0,chemical
RIMR,AVKL,1.0,chemical
RIMR,VB1,2.0,chemical
RIMR,RMDL,15.0,chemical
RIMR,SMDVR,3.0,chemical
RIMR,RMFR,7.0,chemical
SABD,SAADL,4.0,chemical
SABD,SAADR,4.0,chemical
DA2,DD1,7.0,chemical
DA2,VD3,11.0,chemical
DA2,DA3,1.0,chemical
DA2,DB1,1.0,chemical
DA2,VD2,17.0,chemical
DA2,AS2,1.0,chemical
DB2,DD1,3.0,chemical
DB2,DA2,3.0,chemical
DB2,DD2,16.0,chemical
DB2,VD3,33.0,chemical
DB2,VD4,15.0,chemical
DB2,DA3,12.0,chemical
DB2,DA4,1.0,chemical
DB2,AS4,2.0,chemical
DB2,AS3,3.0,chemical
DB3,DD5,14.0,chemical
DB3,DA5,1.0,chemical
DB3,DD2,3.0,chemical
DB3,VD4,9.0,chemical
DB3,VD6,4.0,chemical
DB3,DA4,4.0,chemical
DB3,AS4,2.0,chemical
DB3,DD3,14.0,chemical
DB3,VD5,24.0,chemical
DB3,AS5,1.0,chemical
DB4,DD5,9.0,chemical
DB4,DD6,2.0,chemical
DB4,DA5,3.0,chemical
DB4,VD6,14.0,chemical
DB4,DD3,9.0,chemical
DB4,AS6,2.0,chemical
DB4,DD4,2.0,chemical
VA6,AVAR,1.0,chemical
VA6,VB5,7.0,chemical
VA6,VA5,2.0,chemical
VA6,VD6,6.0,chemical
VA6,AS1,13.0,chemical
VA6,AS2,1.0,chemical
VA6,DD3,21.0,chemical
VA6,VD5,3.0,chemical
VA6,VB4,1.0,chemical
VA8,DD5,9.0,chemical
VA8,VB6,1.0,chemical
VA8,VD7,2.0,chemical
VA8,VD9,3.0,chemical
VA8,AS4,11.0,chemical
VA8,AS3,4.0,chemical
VA8,AS2,1.0,chemical
VA8,AS5,3.0,chemical
VA8,DD4,9.0,chemical
VA8,VD8,3.0,chemical
VA12,AVAL,3.0,chemical
VA12,PVCL,3.0,chemical
VA12,PVCR,4.0,chemical
VA12,DA8,9.0,chemical
VA12,DB7,10.0,chemical
VA12,AS11,6.0,chemical
VA12,VB11,4.0,chemical
VA12,PHCR,1.0,chemical
VA12,LUAL,2.0,chemical
VA12,DA9,17.0,chemical
VA12,DD6,2.0,chemical
VA12,AS10,6.0,chemical
VA12,VD12,7.0,chemical
VA12,VA11,4.0,chemical
VA12,VD13,12.0,chemical
VA12,AS8,2.0,chemical
VA12,AS9,8.0,chemical
VB7,VA9,1.0,chemical
VB7,DD5,29.0,chemical
VB7,VD9,6.0,chemical
VB7,VA10,1.0,chemical
VB7,DD4,11.0,chemical
VB7,VD8,5.0,chemical
VB11,PVCR,1.0,chemical
VB11,VA12,5.0,chemical
VB11,DD6,19.0,chemical
VB11,PVWL,1.0,chemical
VB11,PVWR,1.0,chemical
VB11,VD12,2.0,chemical
VB11,VD13,22.0,chemical
PVDL,AVAL,13.0,chemical
PVDL,AVFL,1.0,chemical
PVDL,AVDL,1.0,chemical
PVDL,AVDR,1.0,chemical
PVDL,AVAR,29.0,chemical
PVDL,PVCL,13.0,chemical
PVDL,PVPL,1.0,chemical
PVDL,PVCR,36.0,chemical
PVDL,AVG,8.0,chemical
PVDL,PVDR,10.0,chemical
PVDL,DD5,3.0,chemical
PVDL,VD10,3.0,chemical
PVDR,AVAL,9.0,chemical
PVDR,AVDL,1.0,chemical
PVDR,AVAR,30.0,chemical
PVDR,PVCL,29.0,chemical
PVDR,DVA,5.0,chemical
PVDR,PVR,4.0,chemical
PVDR,PVCR,29.0,chemical
PVDR,VA9,2.0,chemical
PVDR,VA12,3.0,chemical
PVDR,PVDL,2.0,chemical
PVDR,VB5,2.0,chemical
PVDR,VB6,4.0,chemical
VD10,VA10,2.0,chemical
VD10,VB9,1.0,chemical
VB5,VA6,2.0,chemical
VB5,VD6,10.0,chemical
VB5,DD3,34.0,chemical
VB6,DVA,1.0,chemical
VB6,PVNR,1.0,chemical
VB6,VA8,2.0,chemical
VB6,VB7,1.0,chemical
VB6,VD6,1.0,chemical
VB6,VD7,22.0,chemical
VB6,VA7,3.0,chemical
VB6,DD4,32.0,chemical
OLLL,RIBL,24.0,chemical
OLLL,CEPDL,5.0,chemical
OLLL,AVER,53.0,chemical
OLLL,RMDDL,22.0,chemical
OLLL,SMDDR,9.0,chemical
OLLL,RMDVL,3.0,chemical
OLLL,CEPVL,14.0,chemical
OLLL,SMDDL,8.0,chemical
OLLL,ADEL,5.0,chemical
OLLL,URYDL,2.0,chemical
OLLL,OLLL,4.0,chemical
OLLL,RMDL,6.0,chemical
OLLL,SMDVR,10.0,chemical
OLLL,RMEL,5.0,chemical
OLLL,IL1VL,3.0,chemical
OLLL,URYVL,1.0,chemical
IL1L,IL2L,1.0,chemical
IL1L,AVER,5.0,chemical
IL1L,RMGL,1.0,chemical
IL1L,RMDDL,20.0,chemical
IL1L,RMDR,9.0,chemical
IL1L,RMDVL,22.0,chemical
IL1L,ADEL,3.0,chemical
IL1L,OLLL,1.0,chemical
IL1L,URBL,1.0,chemical
IL1L,RMER,4.0,chemical
IL1L,URAVL,4.0,chemical
IL1L,RMDVR,5.0,chemical
URBL,CEPDL,2.0,chemical
URBL,ADAL,3.0,chemical
URBL,AVBL,1.0,chemical
URBL,URXL,26.0,chemical
URBL,SMBDR,3.0,chemical
URBL,RICL,1.0,chemical
URBL,RICR,1.0,chemical
URBL,RMDDR,2.0,chemical
URBL,SIADR,2.0,chemical
URBL,SIAVL,2.0,chemical
URBL,PVR,1.0,chemical
URBL,RMHR,5.0,chemical
URBL,URYDL,1.0,chemical
URBL,OLLL,1.0,chemical
URBL,IL1L,10.0,chemical
URBL,URBL,1.0,chemical
AVL,HSNR,2.0,chemical
AVL,PVPR,2.0,chemical
AVL,AVEL,3.0,chemical
AVL,RIS,1.0,chemical
AVL,DD1,4.0,chemical
AVL,RIMR,2.0,chemical
AVL,SABD,9.0,chemical
AVL,DVC,2.0,chemical
AVL,AVKR,2.0,chemical
AVL,DD6,1.0,chemical
AVL,VC2,2.0,chemical
AVL,DVB,1.0,chemical
AVL,VC1,2.0,chemical
AVL,PVWL,1.0,chemical
AVL,VD12,3.0,chemical
AVL,SABVL,9.0,chemical
AVL,SABVR,6.0,chemical
AVL,VC6,1.0,chemical
RMER,RMHR,3.0,chemical
RMER,IL1L,4.0,chemical
RMER,RMER,5.0,chemical
RMDL,RIAL,20.0,chemical
RMDL,RIAR,22.0,chemical
RMDL,OLLR,3.0,chemical
RMDL,RIVL,1.0,chemical
RMDL,URXR,1.0,chemical
RMDL,SMBVR,2.0,chemical
RMDL,RIML,3.0,chemical
RMDL,RIBR,1.0,chemical
RMDL,RMDR,8.0,chemical
RMDL,RMDDR,7.0,chemical
RMDL,RMHL,3.0,chemical
RMDL,ADER,3.0,chemical
RMDL,SMDDR,1.0,chemical
RMDL,RMDVL,2.0,chemical
RMDL,RIS,1.0,chemical
RMDL,IL1L,1.0,chemical
RMDL,IL1R,1.0,chemical
RMDL,RMDVR,3.0,chemical
RMDL,SIBVR,3.0,chemical
RMDL,AVKR,1.0,chemical
RMDL,RMFR,1.0,chemical
SIBDR,SIADR,2.0,chemical
SIBDR,SMDDR,10.0,chemical
IL1R,OLLR,1.0,chemical
IL1R,URXR,1.0,chemical
IL1R,AVER,5.0,chemical
IL1R,AVEL,2.0,chemical
IL1R,RMDDL,8.0,chemical
IL1R,RMDR,4.0,chemical
IL1R,RMDDR,12.0,chemical
IL1R,RMHL,3.0,chemical
IL1R,RMDVL,8.0,chemical
IL1R,RMDL,11.0,chemical
IL1R,RMEL,5.0,chemical
IL1R,RMDVR,17.0,chemical
SMDVR,RIAL,24.0,chemical
SMDVR,AIBR,1.0,chemical
SMDVR,RIAR,16.0,chemical
SMDVR,SMDVL,1.0,chemical
SMDVR,RIML,1.0,chemical
SMDVR,AVAR,1.0,chemical
SMDVR,AVER,1.0,chemical
SMDVR,RIVR,1.0,chemical
SMDVR,RMDDL,3.0,chemical
SMDVR,PLNL,6.0,chemical
SMDVR,SIAVL,30.0,chemical
SMDVR,CEPVL,1.0,chemical
SMDVR,SMDDL,14.0,chemical
SMDVR,VB1,1.0,chemical
SMDVR,RMED,9.0,chemical
SMDVR,SIBVR,30.0,chemical
VB2,AVEL,1.0,chemical
VB2,VA2,5.0,chemical
VB2,DD1,30.0,chemical
VB2,VC2,1.0,chemical
VB2,DD2,1.0,chemical
VB2,VD3,4.0,chemical
VB2,VA3,11.0,chemical
VB2,VD2,14.0,chemical
PHAL,PVQL,3.0,chemical
PHAL,AVHR,1.0,chemical
PHAL,AVHL,4.0,chemical
PHAL,AVFL,4.0,chemical
PHAL,AVDR,2.0,chemical
PHAL,DVA,2.0,chemical
PHAL,PHBL,7.0,chemical
PHAL,AVG,11.0,chemical
PHAL,DA8,3.0,chemical
PHAL,PHAR,13.0,chemical
PHAL,PHBR,10.0,chemical
PHAR,PVQL,4.0,chemical
PHAR,PVQR,1.0,chemical
PHAR,AVHR,1.0,chemical
PHAR,AVDR,2.0,chemical
PHAR,DVA,6.0,chemical
PHAR,PVPL,3.0,chemical
PHAR,PHBL,3.0,chemical
PHAR,AVG,9.0,chemical
PHAR,DA8,2.0,chemical
PHAR,PHAL,11.0,chemical
PHAR,PHBR,8.0,chemical
PHAR,PVT,2.0,chemical
PHBR,AVAL,35.0,chemical
PHBR,AVDL,7.0,chemical
PHBR,AVDR,5.0,chemical
PHBR,AVAR,38.0,chemical
PHBR,PVCL,39.0,chemical
PHBR,PVCR,21.0,chemical
PHBR,PHBL,3.0,chemical
PHBR,VA12,1.0,chemical
PHBR,PHCL,1.0,chemical
PHBR,PHCR,3.0,chemical
PVT,AIBL,5.0,chemical
PVT,RMFL,3.0,chemical
PVT,AIBR,10.0,chemical
PVT,RIGR,6.0,chemical
PVT,RIGL,1.0,chemical
PVT,RIH,2.0,chemical
PVT,RIS,1.0,chemical
PVT,AVKL,7.0,chemical
PVT,AVL,3.0,chemical
PVT,RMEV,4.0,chemical
PVT,DVC,3.0,chemical
PVT,AVKR,8.0,chemical
PVT,RMFR,7.0,chemical
PHCL,PVQR,2.0,chemical
PHCL,AVHR,1.0,chemical
PHCL,AVAL,5.0,chemical
PHCL,PVCL,7.0,chemical
PHCL,DVA,12.0,chemical
PHCL,VA12,6.0,chemical
PHCL,PHAR,1.0,chemical
PHCL,PHCR,2.0,chemical
PHCL,LUAL,2.0,chemical
PHCL,DA9,1.0,chemical
PHCR,PVQR,4.0,chemical
PHCR,AVHR,2.0,chemical
PHCR,DVA,22.0,chemical
PHCR,PVCR,25.0,chemical
PHCR,LUAR,6.0,chemical
PHCR,VA12,8.0,chemical
PHCR,PHAR,2.0,chemical
PHCR,PHCL,4.0,chemical
PHCR,DA9,23.0,chemical
LUAL,AVAL,27.0,chemical
LUAL,AVDL,27.0,chemical
LUAL,AVDR,6.0,chemical
LUAL,AVAR,23.0,chemical
LUAL,AVJL,4.0,chemical
LUAL,AVJR,1.0,chemical
LUAL,PHBL,2.0,chemical
LUAL,PVNL,1.0,chemical
LUAL,PVWL,1.0,chemical
DA9,DVA,1.0,chemical
DA9,DA8,1.0,chemical
DA9,DB7,2.0,chemical
DA9,AS11,1.0,chemical
DA9,VA12,1.0,chemical
DA9,VD10,5.0,chemical
DA9,DD6,4.0,chemical
DA9,VD11,11.0,chemical
DA9,VD12,11.0,chemical
DA9,VA11,1.0,chemical
DA9,VD13,4.0,chemical
DA9,VD9,5.0,chemical
IL2DL,RIPL,28.0,chemical
IL2DL,RIBL,1.0,chemical
IL2DL,AVBR,2.0,chemical
IL2DL,AUAL,2.0,chemical
IL2DL,RIH,2.0,chemical
IL2DL,IL1DL,17.0,chemical
IL2DL,RMHL,1.0,chemical
IL2DL,RMER,8.0,chemical
IL2DL,IL2DL,2.0,chemical
IL2DL,OLQDL,2.0,chemical
IL2DL,URADL,8.0,chemical
IL2DL,RMEL,11.0,chemical
IL2DL,RMED,2.0,chemical
IL2DL,RMEV,1.0,chemical
OLQDL,CEPDL,3.0,chemical
OLQDL,RIH,3.0,chemical
OLQDL,RICR,6.0,chemical
OLQDL,SIBVL,10.0,chemical
OLQDL,RMDDL,1.0,chemical
OLQDL,RMDDR,10.0,chemical
OLQDL,RMHL,1.0,chemical
OLQDL,URYDL,3.0,chemical
OLQDL,RMEL,2.0,chemical
OLQDL,RMED,1.0,chemical
URADL,RIPL,12.0,chemical
URADL,RIH,3.0,chemical
URADL,IL1DL,4.0,chemical
URADL,RMEL,8.0,chemical
RMEL,OLLR,1.0,chemical
RMEL,RIPR,1.0,chemical
RMEL,IL1R,2.0,chemical
RMEL,RMEV,1.0,chemical
RMED,RIBL,1.0,chemical
RMED,RIBR,1.0,chemical
RMED,SMDDR,4.0,chemical
RMED,SMDDL,1.0,chemical
RMED,RMED,1.0,chemical
RMEV,SMDVL,1.0,chemical
RMEV,RIH,2.0,chemical
RMEV,RIBR,2.0,chemical
RMEV,RMDDL,1.0,chemical
RMEV,RMDDR,1.0,chemical
RMEV,SMDDR,1.0,chemical
RMEV,RIS,1.0,chemical
RMEV,RMED,1.0,chemical
IL2DR,RIPL,1.0,chemical
IL2DR,RICL,1.0,chemical
IL2DR,RICR,2.0,chemical
IL2DR,RIPR,43.0,chemical
IL2DR,CEPDR,2.0,chemical
IL2DR,RMER,11.0,chemical
IL2DR,RMEL,12.0,chemical
IL2DR,RMED,3.0,chemical
IL2DR,RMEV,5.0,chemical
IL2DR,OLQDR,2.0,chemical
IL2DR,IL1DR,28.0,chemical
IL2DR,URADR,5.0,chemical
OLQDR,RIH,2.0,chemical
OLQDR,RICL,2.0,chemical
OLQDR,RICR,2.0,chemical
OLQDR,RMDDL,11.0,chemical
OLQDR,RMHR,3.0,chemical
OLQDR,RMER,1.0,chemical
OLQDR,IL1DR,1.0,chemical
OLQDR,SIBVR,6.0,chemical
IL1DR,OLLR,1.0,chemical
IL1DR,RIPR,28.0,chemical
IL1DR,RMDDL,11.0,chemical
IL1DR,PVR,5.0,chemical
IL1DR,IL1R,2.0,chemical
IL1DR,IL2DR,5.0,chemical
IL1DR,IL1DR,1.0,chemical
IL1DR,URADR,8.0,chemical
IL1DR,URYDR,2.0,chemical
IL1DR,RMDVR,32.0,chemical
URADR,RIPR,16.0,chemical
URADR,RMER,1.0,chemical
URADR,IL1DR,3.0,chemical
URADR,URYDR,1.0,chemical
URAVL,RIPL,15.0,chemical
URAVL,RIBL,1.0,chemical
URAVL,AVER,1.0,chemical
URAVL,RMDDL,7.0,chemical
URAVL,CEPVL,1.0,chemical
URAVL,IL1L,3.0,chemical
URAVL,RMER,3.0,chemical
URAVL,RMEL,8.0,chemical
URAVL,RMEV,10.0,chemical
URAVL,IL1VL,6.0,chemical
URAVL,DVC,1.0,chemical
URAVL,RMDVR,1.0,chemical
IL2VL,RIPL,36.0,chemical
IL2VL,RIAL,4.0,chemical
IL2VL,RIH,5.0,chemical
IL2VL,IL2L,1.0,chemical
IL2VL,OLQVL,6.0,chemical
IL2VL,BAGR,1.0,chemical
IL2VL,RMER,6.0,chemical
IL2VL,RMEL,7.0,chemical
IL2VL,RMEV,2.0,chemical
IL2VL,URAVL,7.0,chemical
IL2VL,IL1VL,27.0,chemical
IL2VL,DVC,1.0,chemical
IL1VL,RIPL,13.0,chemical
IL1VL,OLQVL,2.0,chemical
IL1VL,RMDDL,30.0,chemical
IL1VL,RMHL,1.0,chemical
IL1VL,IL1L,3.0,chemical
IL1VL,AVL,1.0,chemical
IL1VL,URAVL,4.0,chemical
IL1VL,IL1VL,5.0,chemical
IL1VL,RMDVR,3.0,chemical
IL1VL,URYVL,4.0,chemical
DVC,RIBL,2.0,chemical
DVC,AIBL,3.0,chemical
DVC,RMFL,14.0,chemical
DVC,AIBR,3.0,chemical
DVC,RIGR,13.0,chemical
DVC,RIGL,16.0,chemical
DVC,AVBL,1.0,chemical
DVC,AVAL,14.0,chemical
DVC,AVAR,16.0,chemical
DVC,RIBR,6.0,chemical
DVC,RIVR,2.0,chemical
DVC,AVKL,2.0,chemical
DVC,PVDR,1.0,chemical
DVC,PVT,1.0,chemical
DVC,URAVL,1.0,chemical
DVC,RMFR,9.0,chemical
DVC,VD9,2.0,chemical
IL2VR,ADLR,1.0,chemical
IL2VR,OLQVR,9.0,chemical
IL2VR,RIAR,2.0,chemical
IL2VR,URXR,1.0,chemical
IL2VR,RIH,5.0,chemical
IL2VR,AVAL,1.0,chemical
IL2VR,RIPR,43.0,chemical
IL2VR,URAVR,16.0,chemical
IL2VR,SIADR,1.0,chemical
IL2VR,RMER,17.0,chemical
IL2VR,RMEL,8.0,chemical
IL2VR,RMED,2.0,chemical
IL2VR,RMEV,15.0,chemical
IL2VR,IL1VR,29.0,chemical
IL1VR,OLQVR,5.0,chemical
IL1VR,OLLR,1.0,chemical
IL1VR,RIPR,16.0,chemical
IL1VR,URAVR,4.0,chemical
IL1VR,RMDDR,40.0,chemical
IL1VR,RMDVL,5.0,chemical
IL1VR,IL1R,4.0,chemical
IL1VR,IL2VR,2.0,chemical
URYDR,AWCL,1.0,chemical
URYDR,AVBL,1.0,chemical
URYDR,URXR,1.0,chemical
URYDR,AVER,2.0,chemical
URYDR,RIBR,1.0,chemical
URYDR,AVEL,5.0,chemical
URYDR,CEPDR,3.0,chemical
URYDR,RMDDL,9.0,chemical
URYDR,SMDDL,11.0,chemical
URYDR,SMDVR,3.0,chemical
URYDR,RMED,7.0,chemical
URYDR,OLQDR,1.0,chemical
URYDR,IL1DR,5.0,chemical
URYDR,RMDVR,12.0,chemical
RMDVR,RIAR,1.0,chemical
RMDVR,SMBDR,1.0,chemical
RMDVR,AVAR,1.0,chemical
RMDVR,OLQVL,2.0,chemical
RMDVR,CEPDR,2.0,chemical
RMDVR,RMDDL,43.0,chemical
RMDVR,SIAVL,2.0,chemical
RMDVR,IL1L,1.0,chemical
RMDVR,IL1DR,1.0,chemical
RMDVR,URAVL,8.0,chemical
RMDVR,RMDVR,2.0,chemical
RMDVR,SIBVR,1.0,chemical
SIBVR,AVDR,1.0,chemical
SIBVR,RID,1.0,chemical
SIBVR,SIAVL,5.0,chemical
URYVL,RIBL,9.0,chemical
URYVL,RIAL,2.0,chemical
URYVL,ADAL,1.0,chemical
URYVL,AVBR,1.0,chemical
URYVL,URXL,2.0,chemical
URYVL,RIH,2.0,chemical
URYVL,AVDR,2.0,chemical
URYVL,AVER,23.0,chemical
URYVL,OLQVL,9.0,chemical
URYVL,AVJR,1.0,chemical
URYVL,SIBVL,1.0,chemical
URYVL,RID,4.0,chemical
URYVL,RMDDL,23.0,chemical
URYVL,RIS,1.0,chemical
URYVL,CEPVL,3.0,chemical
URYVL,OLLL,9.0,chemical
URYVL,SMDVR,13.0,chemical
URYVL,IL1VL,1.0,chemical
URYVL,RMDVR,17.0,chemical
URYVL,SIBVR,4.0,chemical
SIBDL,SIADL,2.0,chemical
AVFR,AIAL,1.0,chemical
AVFR,ASHR,1.0,chemical
AVFR,PVQL,2.0,chemical
AVFR,HSNL,4.0,chemical
AVFR,HSNR,3.0,chemical
AVFR,AVHR,3.0,chemical
AVFR,AVBL,6.0,chemical
AVFR,AVBR,6.0,chemical
AVFR,AVHL,3.0,chemical
AVFR,PVPR,1.0,chemical
AVFR,AVAL,1.0,chemical
AVFR,AIML,1.0,chemical
AVFR,AVFL,7.0,chemical
AVFR,AVJL,5.0,chemical
AVFR,AVJR,1.0,chemical
AVFR,RMGL,1.0,chemical
AVFR,RMDDL,1.0,chemical
AVFR,PVCR,1.0,chemical
AVFR,AVG,1.0,chemical
AVFR,VA2,1.0,chemical
AVFR,PVDL,1.0,chemical
AVFR,VD11,1.0,chemical
AVKR,RMFL,2.0,chemical
AVKR,PVQL,1.0,chemical
AVKR,RIGL,1.0,chemical
AVKR,SMBDL,3.0,chemical
AVKR,RIML,5.0,chemical
AVKR,RMGL,2.0,chemical
AVKR,RMDR,2.0,chemical
AVKR,SIADL,3.0,chemical
AVKR,SMDDR,3.0,chemical
AVKR,SAADL,2.0,chemical
AVKR,RMHR,1.0,chemical
AVKR,PVPL,1.0,chemical
AVKR,BDUL,3.0,chemical
AVKR,AVKL,3.0,chemical
AVKR,PVM,2.0,chemical
AVKR,RIMR,3.0,chemical
AVKR,RMDL,1.0,chemical
AVKR,SMDVR,1.0,chemical
DD6,DB7,1.0,chemical
DD6,VD13,3.0,chemical
VD1,DD1,2.0,chemical
VD1,VA1,8.0,chemical
VD1,VB1,5.0,chemical
VC2,PVQR,1.0,chemical
VC2,PVPR,1.0,chemical
VC2,PVCL,1.0,chemical
VC2,DD1,6.0,chemical
VC2,DB4,1.0,chemical
VC2,PVT,6.0,chemical
VC2,DVC,3.0,chemical
VC2,VD1,2.0,chemical
VC2,VC1,3.0,chemical
VC2,DD2,4.0,chemical
VC2,VD4,6.0,chemical
VC2,VD6,2.0,chemical
VC2,VD2,3.0,chemical
VC2,DD3,8.0,chemical
VC2,VD5,4.0,chemical
VC2,VC3,4.0,chemical
DA5,DB4,1.0,chemical
DA5,VD6,22.0,chemical
DA5,DA4,1.0,chemical
DA5,DD3,12.0,chemical
DA5,VD5,1.0,chemical
DVB,PVPL,10.0,chemical
DVB,DA8,10.0,chemical
DVB,AVL,21.0,chemical
DVB,PHCL,2.0,chemical
DVB,DVC,5.0,chemical
DVB,DD6,10.0,chemical
DVB,VD13,1.0,chemical
DVB,PDA,2.0,chemical
AS10,VD10,10.0,chemical
AS10,VD11,10.0,chemical
VC1,PVPR,1.0,chemical
VC1,AVFL,1.0,chemical
VC1,DD1,6.0,chemical
VC1,AVL,2.0,chemical
VC1,PVT,4.0,chemical
VC1,DVC,1.0,chemical
VC1,VD1,5.0,chemical
VC1,VC2,4.0,chemical
VC1,DD2,8.0,chemical
VC1,VD3,2.0,chemical
VC1,VD4,4.0,chemical
VC1,VD6,1.0,chemical
VC1,VD2,1.0,chemical
VC1,DD3,8.0,chemical
VC1,VD5,4.0,chemical
VC1,VC3,2.0,chemical
VD11,AVAR,2.0,chemical
VD11,PVT,1.0,chemical
VD11,DD6,2.0,chemical
VD11,VA11,2.0,chemical
VD11,VB10,1.0,chemical
DD2,VD3,1.0,chemical
DD2,VD4,1.0,chemical
DD2,DA3,2.0,chemical
PVWL,PVCL,1.0,chemical
PVWL,AVJL,1.0,chemical
PVWL,PVCR,1.0,chemical
PVWL,PVT,1.0,chemical
PVWL,PVWR,1.0,chemical
PVWL,VD12,1.0,chemical
PVWR,AVDR,2.0,chemical
PVWR,AVAR,1.0,chemical
PVWR,PVCR,1.0,chemical
PVWR,LUAR,1.0,chemical
PVWR,VA12,1.0,chemical
PVWR,AVL,1.0,chemical
PVWR,PVT,2.0,chemical
PDB,DD6,2.0,chemical
PDB,VD12,10.0,chemical
PDB,VD13,2.0,chemical
VD12,VA12,13.0,chemical
VD12,VB11,1.0,chemical
VD12,DD6,2.0,chemical
VD12,VA11,3.0,chemical
VD12,VC6,1.0,chemical
VA5,VA6,2.0,chemical
VA5,DD2,6.0,chemical
VA5,DD3,17.0,chemical
VA5,VD5,9.0,chemical
VA5,VB4,1.0,chemical
VA11,PVNR,1.0,chemical
VA11,DD6,19.0,chemical
VA11,VD11,5.0,chemical
VA11,VD12,3.0,chemical
VA11,AS7,2.0,chemical
VA11,AS8,10.0,chemical
VA11,AS9,1.0,chemical
VA11,VB10,6.0,chemical
VD3,VB3,1.0,chemical
VD3,DD1,6.0,chemical
VD3,VB2,2.0,chemical
VD3,VA3,4.0,chemical
VD4,VB3,2.0,chemical
VD4,VA4,1.0,chemical
VD6,AVAL,1.0,chemical
VD6,PVNR,1.0,chemical
VD6,VA6,3.0,chemical
VD6,VB5,1.0,chemical
VD6,DD3,6.0,chemical
VD7,VB7,1.0,chemical
VD7,VB6,2.0,chemical
VD7,VA7,2.0,chemical
VD7,DD4,1.0,chemical
VD13,AVAR,2.0,chemical
VD13,PVCR,1.0,chemical
VD13,VA12,11.0,chemical
VD13,DD6,3.0,chemical
VD13,PVWL,1.0,chemical
VD13,VD12,1.0,chemical
VD13,VD13,2.0,chemical
PDA,PVNR,1.0,chemical
PDA,DA9,1.0,chemical
PDA,DD6,3.0,chemical
PDA,VD11,10.0,chemical
PDA,VD12,12.0,chemical
PDA,VD13,3.0,chemical
RMFR,RIH,1.0,chemical
RMFR,RMDR,1.0,chemical
RMFR,AVKL,7.0,chemical
RMFR,RMDL,6.0,chemical
RMFR,DVC,2.0,chemical
RMFR,AVKR,9.0,chemical
VD9,VA9,3.0,chemical
VD9,VB8,2.0,chemical
SABVL,RIGR,1.0,chemical
DA3,DB3,2.0,chemical
DA3,DD2,3.0,chemical
DA3,VD3,43.0,chemical
DA3,VD4,13.0,chemical
DA3,DA4,2.0,chemical
DA3,AS4,2.0,chemical
DA4,DB2,2.0,chemical
DA4,DD2,4.0,chemical
DA4,VD4,11.0,chemical
DA4,VD5,21.0,chemical
AS4,DD1,2.0,chemical
AS4,DB2,2.0,chemical
AS4,DD2,4.0,chemical
AS4,VD4,21.0,chemical
AS4,DA3,2.0,chemical
VA3,VB3,3.0,chemical
VA3,DD1,18.0,chemical
VA3,VB2,1.0,chemical
VA3,DD2,10.0,chemical
VA3,VD3,11.0,chemical
VA3,VA4,2.0,chemical
VA3,VD2,3.0,chemical
VA10,DD5,9.0,chemical
VA10,VD10,2.0,chemical
VA10,DD6,9.0,chemical
VA10,AS10,1.0,chemical
VA10,VD11,3.0,chemical
VA10,VD12,3.0,chemical
VA10,AS7,6.0,chemical
VA10,AS6,3.0,chemical
VA10,VB8,1.0,chemical
VA10,VB9,1.0,chemical
DA6,DA5,1.0,chemical
DA6,VD4,3.0,chemical
DA6,VD6,13.0,chemical
DA6,VD7,13.0,chemical
DA6,DD3,7.0,chemical
DA6,VD5,3.0,chemical
DA6,DB5,1.0,chemical
DB1,RID,1.0,chemical
DB1,DA1,16.0,chemical
DB1,FLPR,1.0,chemical
DB1,DD1,31.0,chemical
DB1,DA2,2.0,chemical
DB1,VD1,18.0,chemical
DB1,VD3,2.0,chemical
DB1,AS1,28.0,chemical
DB1,VD2,24.0,chemical
DB1,AS2,4.0,chemical
VC6,AVG,2.0,chemical
VC6,PVNR,4.0,chemical
VC6,AVL,4.0,chemical
VC6,DD6,6.0,chemical
VC6,VD11,10.0,chemical
VC6,VD12,7.0,chemical
AS1,DA1,8.0,chemical
AS1,DD1,2.0,chemical
AS1,VD1,20.0,chemical
AS1,DB1,3.0,chemical
AS1,AS1,3.0,chemical
AS3,DD1,2.0,chemical
AS3,VD3,23.0,chemical
AS3,DA3,1.0,chemical
VA4,AVDL,1.0,chemical
VA4,AVAR,1.0,chemical
VA4,AVER,1.0,chemical
VA4,VB3,8.0,chemical
VA4,DD2,17.0,chemical
VA4,VD4,8.0,chemical
VA4,VB4,1.0,chemical
VD2,AVEL,1.0,chemical
VD2,VA2,12.0,chemical
VD2,DD1,1.0,chemical
VD2,VB2,4.0,chemical
VD2,AS1,1.0,chemical
AS2,RID,2.0,chemical
AS2,DD1,3.0,chemical
AS2,DB1,1.0,chemical
AS2,VD2,21.0,chemical
DD3,DA5,1.0,chemical
VD5,AVAR,1.0,chemical
VD5,VB1,1.0,chemical
VD5,VA6,1.0,chemical
VD5,VA5,2.0,chemical
VD5,DD3,1.0,chemical
VD5,VB4,2.0,chemical
DA7,VD7,10.0,chemical
DA7,VD9,10.0,chemical
DA7,DA6,1.0,chemical
DA7,DB6,1.0,chemical
DA7,DD4,3.0,chemical
DA7,VD8,12.0,chemical
AS5,PVDL,1.0,chemical
AS5,DA4,1.0,chemical
AS5,DD3,1.0,chemical
AS5,VD5,12.0,chemical
AS5,AS5,3.0,chemical
VC3,HSNR,1.0,chemical
VC3,PVQR,2.0,chemical
VC3,AVBL,1.0,chemical
VC3,PVPR,2.0,chemical
VC3,AVJL,1.0,chemical
VC3,PVNR,1.0,chemical
VC3,DD1,1.0,chemical
VC3,AVL,1.0,chemical
VC3,VB2,1.0,chemical
VC3,PVT,5.0,chemical
VC3,VD1,2.0,chemical
VC3,VC2,2.0,chemical
VC3,VC1,5.0,chemical
VC3,DD2,3.0,chemical
VC3,VD3,2.0,chemical
VC3,VD4,3.0,chemical
VC3,VD6,5.0,chemical
VC3,VD7,8.0,chemical
VC3,SABVL,1.0,chemical
VC3,VD2,1.0,chemical
VC3,DD3,5.0,chemical
VC3,VD5,3.0,chemical
VC3,VB4,1.0,chemical
VC3,DD4,16.0,chemical
VA7,VB6,1.0,chemical
VA7,VD6,2.0,chemical
VA7,VD7,13.0,chemical
VA7,AS1,1.0,chemical
VA7,AS3,3.0,chemical
VA7,AS2,10.0,chemical
VA7,DD3,3.0,chemical
VA7,DD4,17.0,chemical
DB5,DA8,1.0,chemical
DB5,VD4,3.0,chemical
DB5,VD6,13.0,chemical
DB5,VD7,13.0,chemical
DB5,DA6,3.0,chemical
DB5,VD5,3.0,chemical
DB5,DA7,12.0,chemical
DB5,AS7,3.0,chemical
DB5,AS8,2.0,chemical
AS7,VD7,20.0,chemical
AS8,VD8,20.0,chemical
AS6,DB4,1.0,chemical
AS6,DA5,1.0,chemical
AS6,VD6,20.0,chemical
AS6,DD3,4.0,chemical
AS9,VD9,20.0,chemical
VB4,AVG,1.0,chemical
VB4,VB5,1.0,chemical
VB4,DD2,7.0,chemical
VB4,VA5,1.0,chemical
VB4,VD4,1.0,chemical
VB4,VA4,1.0,chemical
VB4,DD3,13.0,chemical
VB4,VD5,3.0,chemical
VB8,DD5,10.0,chemical
VB8,VD10,6.0,chemical
VB8,DD6,19.0,chemical
VB8,VA11,2.0,chemical
VB8,VD9,5.0,chemical
DB6,DA8,4.0,chemical
DB6,DA9,1.0,chemical
DB6,VD7,10.0,chemical
DB6,VD9,10.0,chemical
DB6,AS8,2.0,chemical
DB6,AS9,1.0,chemical
DB6,VD8,12.0,chemical
VD8,VA9,1.0,chemical
VD8,VA8,2.0,chemical
VD8,VB7,2.0,chemical
VD8,PVT,1.0,chemical
VD8,DD4,5.0,chemical
VB9,DD5,10.0,chemical
VB9,VD10,5.0,chemical
VB9,DD6,19.0,chemical
VB9,VD11,6.0,chemical
VB9,VA11,2.0,chemical
VB10,PVT,1.0,chemical
VB10,DD6,19.0,chemical
VB10,VD11,7.0,chemical
VB10,VD12,6.0,chemical
VB10,VA11,3.0,chemical
VC5,HSNL,1.0,chemical
VC5,HSNR,3.0,chemical
VC5,AVFL,2.0,chemical
VC5,PVR,1.0,chemical
VC5,PVT,1.0,chemical
VC5,DVC,3.0,chemical
VC5,AVFR,1.0,chemical
VC5,VC5,6.0,chemical
VC5,VC4,4.0,chemical
VC4,AVHR,1.0,chemical
VC4,AVBR,1.0,chemical
VC4,VC3,1.0,chemical
VC4,VC5,2.0,chemical
I1L,I2L,2.0,electrical
I1L,M3L,2.0,electrical
I1L,MCR,1.0,electrical
I1L,NSML,3.0,electrical
I1L,RIPL,2.0,electrical
I2L,I1L,2.0,electrical
I2L,M2L,1.0,electrical
I2L,I4,1.0,electrical
I3,MI,1.0,electrical
I3,I1R,1.0,electrical
I3,M1,1.0,electrical
I3,M2R,1.0,electrical
I5,M2L,1.0,electrical
I5,M2R,1.0,electrical
I5,M5,1.0,electrical
I6,M4,5.0,electrical
M2L,I2L,1.0,electrical
M2L,I5,1.0,electrical
M2L,MCL,1.0,electrical
M2L,M4,1.0,electrical
M3L,I1L,2.0,electrical
M3L,NSMR,1.0,electrical
M3R,M2R,1.0,electrical
M3R,NSMR,2.0,electrical
MCL,M2L,1.0,electrical
MCR,I1L,1.0,electrical
MCR,I1R,4.0,electrical
MCR,I2R,1.0,electrical
MCR,M2R,11.0,electrical
MI,I3,1.0,electrical
MI,M2R,5.0,electrical
NSML,I1L,3.0,electrical
NSML,NSMR,2.0,electrical
I1R,I3,1.0,electrical
I1R,MCR,4.0,electrical
I1R,I2R,1.0,electrical
I1R,NSMR,2.0,electrical
I1R,RIPR,2.0,electrical
I2R,MCR,1.0,electrical
I2R,I1R,1.0,electrical
I2R,M1,1.0,electrical
I2R,M2R,1.0,electrical
I2R,NSMR,2.0,electrical
M1,I3,1.0,electrical
M1,I2R,1.0,electrical
M2R,I3,1.0,electrical
M2R,I5,1.0,electrical
M2R,M3R,1.0,electrical
M2R,MCR,11.0,electrical
M2R,MI,5.0,electrical
M2R,I2R,1.0,electrical
M2R,I4,2.0,electrical
NSMR,M3L,1.0,electrical
NSMR,M3R,2.0,electrical
NSMR,NSML,2.0,electrical
NSMR,I1R,2.0,electrical
NSMR,I2R,2.0,electrical
I4,I2L,1.0,electrical
I4,M2R,2.0,electrical
I4,M4,1.0,electrical
M4,I6,5.0,electrical
M4,M2L,1.0,electrical
M4,I4,1.0,electrical
M4,M4,1.0,electrical
M4,M5,2.0,electrical
M5,I5,1.0,electrical
M5,M4,2.0,electrical
M5,M5,1.0,electrical
RIPL,I1L,2.0,electrical
RIPL,RIPL,4.0,electrical
RIPL,ADFL,2.0,electrical
RIPL,RIPR,2.0,electrical
RIPL,IL1L,1.0,electrical
RIPL,RMED,2.0,electrical
RIPL,URAVL,1.0,electrical
ASIL,AIAL,1.0,electrical
ASIL,ASIR,3.0,electrical
ASIL,AINR,1.0,electrical
AWAR,AIAR,3.0,electrical
AWAR,AWAL,2.0,electrical
AWAR,ADFR,3.0,electrical
AWAR,AIZR,3.0,electrical
ASGL,AIZL,3.0,electrical
ASGL,ASEL,3.0,electrical
ASGL,AWBL,1.0,electrical
ASGL,AINR,1.0,electrical
ASGL,AIML,1.0,electrical
ASGL,SMDDR,2.0,electrical
ASER,ASGR,3.0,electrical
ASER,PVQR,1.0,electrical
ASER,AWBR,1.0,electrical
ASER,AFDR,1.0,electrical
ADFL,RIPL,2.0,electrical
ADFL,AWCL,1.0,electrical
ADFL,AIZL,1.0,electrical
ADFL,RIAL,1.0,electrical
ADFL,AFDL,3.0,electrical
ADFL,ASHL,1.0,electrical
ADFL,ADAL,5.0,electrical
ADFL,URBL,1.0,electrical
AWCL,ADFL,1.0,electrical
AWCL,ASEL,1.0,electrical
AWCL,AUAL,1.0,electrical
AWCR,AIAL,1.0,electrical
AWCR,ASGR,2.0,electrical
AWCR,ASEL,2.0,electrical
AWCR,AIAR,1.0,electrical
AWCR,AFDR,3.0,electrical
ASKL,AIAL,2.0,electrical
ASKL,AIBL,1.0,electrical
ASKL,ASKR,9.0,electrical
ASKL,PVQL,8.0,electrical
ASKL,HSNL,1.0,electrical
ASKL,ASHL,18.0,electrical
ASKL,AVHL,8.0,electrical
CEPVR,OLQVR,1.0,electrical
CEPVR,AIMR,1.0,electrical
CEPVR,IL2VR,1.0,electrical
AIYL,AIYR,4.0,electrical
AIYL,AFDL,2.0,electrical
AIYL,RIML,5.0,electrical
AIYL,AVKL,1.0,electrical
AIYR,AIYL,4.0,electrical
AIYR,ASIR,1.0,electrical
AIYR,AUAR,1.0,electrical
AIYR,RIMR,3.0,electrical
AIAL,ASIL,1.0,electrical
AIAL,AWCR,1.0,electrical
AIAL,ASKL,2.0,electrical
AIAL,AIBL,5.0,electrical
AIAL,ASIR,2.0,electrical
AIAL,AIAR,7.0,electrical
AIAL,ASJL,1.0,electrical
AIAL,AWAL,1.0,electrical
AIAL,AWBL,1.0,electrical
AIZL,ASGL,3.0,electrical
AIZL,ADFL,1.0,electrical
AIZL,AIBR,3.0,electrical
AIZL,AWAL,3.0,electrical
AIZL,ASHL,2.0,electrical
AIZL,AIZR,18.0,electrical
AIZL,RIGL,1.0,electrical
AIZL,RIH,1.0,electrical
RIBL,RIBL,3.0,electrical
RIBL,RIAL,1.0,electrical
RIBL,RIGL,3.0,electrical
RIBL,AVBL,6.0,electrical
RIBL,AVBR,3.0,electrical
RIBL,OLQVL,2.0,electrical
RIBL,RIBR,15.0,electrical
RIBL,SIADL,2.0,electrical
RIBL,SIAVL,1.0,electrical
RIBL,SMDDL,3.0,electrical
RIBL,OLQDL,5.0,electrical
RIBL,RMEV,2.0,electrical
RIBL,SIBVR,2.0,electrical
RIBL,SIBDL,5.0,electrical
AIBL,ASKL,1.0,electrical
AIBL,AIAL,5.0,electrical
AIBL,AFDL,2.0,electrical
AIBL,AIZR,4.0,electrical
AIBL,RIGR,3.0,electrical
AIBL,RIVL,1.0,electrical
AIBL,SIADR,1.0,electrical
AIBL,SMDDR,1.0,electrical
AIBL,FLPL,1.0,electrical
AIBL,RIS,1.0,electrical
AIBL,SDQR,1.0,electrical
AIBL,RIMR,1.0,electrical
AIBL,RMED,2.0,electrical
AIBL,DVC,2.0,electrical
SAAVL,SMDVL,8.0,electrical
SAAVL,SMBDR,2.0,electrical
SAAVL,SMBVR,17.0,electrical
SAAVL,SAAVR,1.0,electrical
SAAVL,RMDVL,3.0,electrical
RIAL,ADFL,1.0,electrical
RIAL,RIBL,1.0,electrical
RIAL,AINR,2.0,electrical
RIAL,SMDVL,4.0,electrical
RMFL,RIGR,1.0,electrical
RMFL,RIGL,1.0,electrical
RMFL,RIML,3.0,electrical
RMFL,SAAVR,1.0,electrical
RMFL,SAADR,1.0,electrical
ASIR,ASIL,3.0,electrical
ASIR,AIYR,1.0,electrical
ASIR,AIAL,2.0,electrical
ASIR,ASGR,4.0,electrical
ASIR,AIAR,3.0,electrical
ASGR,ASER,3.0,electrical
ASGR,AWCR,2.0,electrical
ASGR,ASIR,4.0,electrical
ASGR,ADLR,1.0,electrical
ASGR,AIAR,3.0,electrical
ASGR,ADFR,1.0,electrical
ASGR,AIZR,1.0,electrical
ASGR,AINL,1.0,electrical
ASEL,ASGL,3.0,electrical
ASEL,AWCL,1.0,electrical
ASEL,AWCR,2.0,electrical
ASEL,AFDL,6.0,electrical
ASEL,AFDR,2.0,electrical
ASHR,AIAR,1.0,electrical
ASHR,ASKR,2.0,electrical
ASHR,ASHL,7.0,electrical
ASHR,AFDR,4.0,electrical
ASHR,AIZR,6.0,electrical
ASHR,ADAR,3.0,electrical
ASHR,AVHL,2.0,electrical
ASHR,AVAR,2.0,electrical
ASHR,RMGR,3.0,electrical
ASHR,AVER,1.0,electrical
ASHR,RICR,4.0,electrical
ADLR,ASGR,1.0,electrical
ADLR,ASKR,1.0,electrical
ADLR,ADLL,6.0,electrical
AIAR,AWAR,3.0,electrical
AIAR,AWCR,1.0,electrical
AIAR,AIAL,7.0,electrical
AIAR,ASIR,3.0,electrical
AIAR,ASGR,3.0,electrical
AIAR,ASHR,1.0,electrical
AIAR,AIAR,2.0,electrical
AIAR,ASKR,1.0,electrical
AIAR,ADFR,4.0,electrical
AIBR,AIZL,3.0,electrical
AIBR,ASKR,3.0,electrical
AIBR,AFDR,2.0,electrical
AIBR,RIGL,3.0,electrical
AIBR,RIML,2.0,electrical
AIBR,RICR,1.0,electrical
AIBR,RIVR,3.0,electrical
AIBR,SIAVL,1.0,electrical
AIBR,RIS,3.0,electrical
AIBR,PVPL,2.0,electrical
AIBR,SMDDL,2.0,electrical
AIBR,PVT,1.0,electrical
AIBR,DVC,9.0,electrical
ASJL,AIAL,1.0,electrical
ASJL,ALA,2.0,electrical
ASJL,PVQL,1.0,electrical
ASJL,ASJR,7.0,electrical
ASJL,IL2L,1.0,electrical
ASJL,SMDDR,1.0,electrical
ASKR,ASKL,9.0,electrical
ASKR,ASHR,2.0,electrical
ASKR,ADLR,1.0,electrical
ASKR,AIAR,1.0,electrical
ASKR,AIBR,3.0,electrical
ASKR,ASKR,2.0,electrical
ASKR,ALA,1.0,electrical
ASKR,HSNL,3.0,electrical
ASKR,HSNR,3.0,electrical
ASKR,PVQR,25.0,electrical
ASKR,AVHR,10.0,electrical
ASKR,RMGR,1.0,electrical
CEPDL,OLQDL,2.0,electrical
ALA,ASJL,2.0,electrical
ALA,ASKR,1.0,electrical
ALA,HSNL,1.0,electrical
ALA,HSNR,1.0,electrical
ALA,AVER,3.0,electrical
ALA,RID,4.0,electrical
ALA,PVDL,250.0,electrical
ALA,PVDR,250.0,electrical
ALA,CANL,401.0,electrical
ALA,CANR,401.0,electrical
PVQL,ASKL,8.0,electrical
PVQL,ASJL,1.0,electrical
PVQL,PVQR,46.0,electrical
PVQL,ADAL,4.0,electrical
PVQL,AVHR,3.0,electrical
PVQL,PVPL,8.0,electrical
PVQL,PHBL,3.0,electrical
PVQL,DA8,1.0,electrical
PVQL,AVFR,2.0,electrical
PVQL,AVKR,2.0,electrical
HSNL,ASKL,1.0,electrical
HSNL,ASKR,3.0,electrical
HSNL,ALA,1.0,electrical
HSNL,HSNR,1.0,electrical
HSNL,PVPL,1.0,electrical
HSNL,RIFL,1.0,electrical
HSNL,BDUR,1.0,electrical
HSNL,PVNR,2.0,electrical
HSNR,ASKR,3.0,electrical
HSNR,ALA,1.0,electrical
HSNR,HSNL,1.0,electrical
HSNR,PVPR,1.0,electrical
HSNR,BDUR,1.0,electrical
HSNR,PVNR,2.0,electrical
HSNR,DD1,1.0,electrical
ASJR,ASJL,7.0,electrical
ASJR,PVQR,5.0,electrical
ASJR,AIMR,1.0,electrical
PVQR,ASER,1.0,electrical
PVQR,ASKR,25.0,electrical
PVQR,PVQL,46.0,electrical
PVQR,ASJR,5.0,electrical
PVQR,AVHR,2.0,electrical
PVQR,ADAR,2.0,electrical
PVQR,AVFL,5.0,electrical
PVQR,ADER,2.0,electrical
PVQR,PVT,1.0,electrical
PVQR,DVC,7.0,electrical
PVQR,DVB,1.0,electrical
PVQR,PVWR,1.0,electrical
PVQR,PDA,1.0,electrical
AWAL,AWAR,2.0,electrical
AWAL,AIAL,1.0,electrical
AWAL,AIZL,3.0,electrical
AWAL,ADLL,1.0,electrical
AWBL,ASGL,1.0,electrical
AWBL,AIAL,1.0,electrical
AWBL,AWBR,3.0,electrical
AWBL,AUAL,4.0,electrical
AWBL,RMGL,1.0,electrical
AFDL,ADFL,3.0,electrical
AFDL,AIYL,2.0,electrical
AFDL,AIBL,2.0,electrical
AFDL,ASEL,6.0,electrical
AFDL,AFDR,1.0,electrical
AFDL,AVEL,1.0,electrical
AFDL,URBL,9.0,electrical
ASHL,ADFL,1.0,electrical
ASHL,ASKL,18.0,electrical
ASHL,AIZL,2.0,electrical
ASHL,ASHR,7.0,electrical
ASHL,ADAL,2.0,electrical
ASHL,RICL,5.0,electrical
ASHL,RMGL,3.0,electrical
ADAL,ADFL,5.0,electrical
ADAL,PVQL,4.0,electrical
ADAL,ASHL,2.0,electrical
ADAL,ADAR,3.0,electrical
ADAL,AVDR,2.0,electrical
ADAL,OLQVL,4.0,electrical
AWBR,ASER,1.0,electrical
AWBR,AWBL,3.0,electrical
AWBR,ADFR,1.0,electrical
AWBR,AUAR,3.0,electrical
AWBR,RMGR,1.0,electrical
AWBR,RICL,4.0,electrical
ADFR,AWAR,3.0,electrical
ADFR,ASGR,1.0,electrical
ADFR,AIAR,4.0,electrical
ADFR,AWBR,1.0,electrical
ADFR,AFDR,5.0,electrical
ADFR,RIH,1.0,electrical
ADFR,ADAR,4.0,electrical
ADFR,SMBVR,1.0,electrical
ADFR,SMDVR,2.0,electrical
AFDR,ASER,1.0,electrical
AFDR,AWCR,3.0,electrical
AFDR,ASEL,2.0,electrical
AFDR,ASHR,4.0,electrical
AFDR,AIBR,2.0,electrical
AFDR,AFDL,1.0,electrical
AFDR,ADFR,5.0,electrical
AFDR,URBR,2.0,electrical
AFDR,RMDVR,1.0,electrical
RIR,BAGL,4.0,electrical
RIR,BAGR,5.0,electrical
AUAR,AIYR,1.0,electrical
AUAR,AWBR,3.0,electrical
AUAR,AUAL,2.0,electrical
AUAR,URXR,3.0,electrical
AUAR,AINL,1.0,electrical
AIZR,AWAR,3.0,electrical
AIZR,AIZL,18.0,electrical
AIZR,AIBL,4.0,electrical
AIZR,ASGR,1.0,electrical
AIZR,ASHR,6.0,electrical
RIFR,RMGR,1.0,electrical
RIFR,AVJL,1.0,electrical
RIFR,AVG,3.0,electrical
RIFR,DD1,2.0,electrical
RIGR,AIBL,3.0,electrical
RIGR,RMFL,1.0,electrical
RIGR,RIGL,81.0,electrical
RIGR,OLQVR,6.0,electrical
RIGR,OLLR,5.0,electrical
RIGR,BAGL,2.0,electrical
RIGR,RIBR,2.0,electrical
RIGR,AQR,3.0,electrical
RIGR,AVKL,1.0,electrical
RIGR,ADEL,1.0,electrical
RIGR,OLQDR,4.0,electrical
RIGR,URYDR,3.0,electrical
RIGR,AVKR,2.0,electrical
RIGR,VD1,2.0,electrical
AINR,ASIL,1.0,electrical
AINR,ASGL,1.0,electrical
AINR,RIAL,2.0,electrical
AINR,AUAL,3.0,electrical
AINR,BAGL,3.0,electrical
AINR,AINL,1.0,electrical
AINR,ADER,4.0,electrical
AVHR,ASKR,10.0,electrical
AVHR,PVQL,3.0,electrical
AVHR,PVQR,2.0,electrical
AVHR,AVHL,15.0,electrical
AVHR,PVPR,3.0,electrical
AVHR,AVFL,5.0,electrical
AVHR,AVJL,3.0,electrical
AVHR,AVJR,2.0,electrical
AVHR,SIAVL,1.0,electrical
AVHR,PVPL,4.0,electrical
AVHR,PHBL,2.0,electrical
AVHR,AVG,4.0,electrical
AVHR,DA8,5.0,electrical
AVHR,AS11,17.0,electrical
AVHR,PHAR,2.0,electrical
AVHR,PHBR,2.0,electrical
AVHR,DVC,4.0,electrical
AVHR,AVFR,7.0,electrical
AVHR,DD6,1.0,electrical
AVHR,VD12,13.0,electrical
RIGL,AIZL,1.0,electrical
RIGL,RIBL,3.0,electrical
RIGL,RMFL,1.0,electrical
RIGL,AIBR,3.0,electrical
RIGL,RIGR,81.0,electrical
RIGL,BAGL,1.0,electrical
RIGL,OLQVL,2.0,electrical
RIGL,PVPL,2.0,electrical
RIGL,AVKL,2.0,electrical
RIGL,URYDL,4.0,electrical
RIGL,OLLL,3.0,electrical
RIGL,OLQDL,3.0,electrical
RIGL,RMEL,2.0,electrical
RIGL,URYVL,3.0,electrical
RIGL,VD1,3.0,electrical
AVBL,RIBL,6.0,electrical
AVBL,AVBR,18.0,electrical
AVBL,AVAR,3.0,electrical
AVBL,SIBVL,2.0,electrical
AVBL,RIBR,2.0,electrical
AVBL,RID,2.0,electrical
AVBL,AQR,3.0,electrical
AVBL,DVA,11.0,electrical
AVBL,SDQR,1.0,electrical
AVBL,DB7,13.0,electrical
AVBL,PVNR,5.0,electrical
AVBL,VB1,1.0,electrical
AVBL,DB3,9.0,electrical
AVBL,DB4,4.0,electrical
AVBL,VB7,4.0,electrical
AVBL,VB11,5.0,electrical
AVBL,VB5,3.0,electrical
AVBL,VB6,3.0,electrical
AVBL,VB2,14.0,electrical
AVBL,DB5,3.0,electrical
AVBL,AS6,1.0,electrical
AVBL,VB4,3.0,electrical
AVBL,VB8,4.0,electrical
AVBL,DB6,4.0,electrical
AVBL,VB9,4.0,electrical
AVBL,VB10,4.0,electrical
SMBDL,SIADL,2.0,electrical
SMBDL,SAAVR,1.0,electrical
SMBDL,SAADL,3.0,electrical
SMBDL,AVKL,2.0,electrical
SMBDL,SIBVR,1.0,electrical
SMBDL,SIBDL,1.0,electrical
SMBDL,AVKR,1.0,electrical
SMBVL,SIBVL,2.0,electrical
SMBVL,SAAVR,16.0,electrical
SMBVL,AVKL,6.0,electrical
SMBVL,SIBDL,3.0,electrical
URYVR,AVAL,2.0,electrical
OLQVR,CEPVR,1.0,electrical
OLQVR,RIGR,6.0,electrical
OLQVR,URBR,5.0,electrical
OLQVR,RIBR,6.0,electrical
OLQVR,RMDDR,1.0,electrical
OLQVR,RMDVL,2.0,electrical
OLQVR,RMHR,1.0,electrical
AIMR,CEPVR,1.0,electrical
AIMR,ASJR,1.0,electrical
AIMR,SMBVR,1.0,electrical
AIMR,AVKR,3.0,electrical
RIAR,RMDDL,1.0,electrical
RIAR,SIAVR,1.0,electrical
RIAR,RMDDR,1.0,electrical
RIAR,SAAVR,1.0,electrical
RIAR,SIAVL,1.0,electrical
RIAR,SMDDL,1.0,electrical
RIAR,SMDVR,1.0,electrical
AVBR,RIBL,3.0,electrical
AVBR,AVBL,18.0,electrical
AVBR,SIBVL,4.0,electrical
AVBR,RIBR,3.0,electrical
AVBR,RID,7.0,electrical
AVBR,DVA,3.0,electrical
AVBR,PVNL,7.0,electrical
AVBR,DB7,3.0,electrical
AVBR,PVNR,2.0,electrical
AVBR,VB3,7.0,electrical
AVBR,DB2,3.0,electrical
AVBR,DB3,2.0,electrical
AVBR,DB4,5.0,electrical
AVBR,VB7,3.0,electrical
AVBR,VB11,6.0,electrical
AVBR,VB5,3.0,electrical
AVBR,VB6,4.0,electrical
AVBR,VB2,6.0,electrical
AVBR,SIBVR,1.0,electrical
AVBR,DB1,15.0,electrical
AVBR,AS5,2.0,electrical
AVBR,DB5,4.0,electrical
AVBR,AS6,1.0,electrical
AVBR,VB4,5.0,electrical
AVBR,VB8,4.0,electrical
AVBR,DB6,4.0,electrical
AVBR,VB9,4.0,electrical
IL2R,URXR,4.0,electrical
IL2R,RMGR,1.0,electrical
IL2R,URBR,4.0,electrical
OLLR,RIGR,5.0,electrical
OLLR,OLLL,11.0,electrical
ADLL,ADLR,6.0,electrical
ADLL,AWAL,1.0,electrical
ADLL,AVDR,2.0,electrical
ADLL,RMGL,3.0,electrical
URXL,IL2L,1.0,electrical
URXL,RMGL,3.0,electrical
AUAL,AWCL,1.0,electrical
AUAL,AWBL,4.0,electrical
AUAL,AUAR,2.0,electrical
AUAL,AINR,3.0,electrical
AUAL,RMDVL,2.0,electrical
RIVL,AIBL,1.0,electrical
RIVL,SMDVL,2.0,electrical
RIVL,RIVR,28.0,electrical
RIVL,SAADR,2.0,electrical
RIVL,SDQR,5.0,electrical
RIVL,SIBDR,1.0,electrical
SMDVL,SAAVL,8.0,electrical
SMDVL,RIAL,4.0,electrical
SMDVL,RIVL,2.0,electrical
SMDVL,ALNL,1.0,electrical
SMDVL,SMDDR,1.0,electrical
SMDVL,RMDVL,5.0,electrical
SMDVL,RIS,2.0,electrical
SMDVL,VB1,6.0,electrical
SMDVL,RMEV,1.0,electrical
BAGL,RIR,4.0,electrical
BAGL,RIGR,2.0,electrical
BAGL,AINR,3.0,electrical
BAGL,RIGL,1.0,electrical
BAGL,BAGR,1.0,electrical
URXR,AUAR,3.0,electrical
URXR,IL2R,4.0,electrical
URXR,RMGR,5.0,electrical
URXR,RICR,1.0,electrical
RIH,AIZL,1.0,electrical
RIH,ADFR,1.0,electrical
RIH,FLPL,1.0,electrical
RIH,CEPVL,1.0,electrical
RIH,OLQDR,2.0,electrical
ADAR,ASHR,3.0,electrical
ADAR,PVQR,2.0,electrical
ADAR,ADAL,3.0,electrical
ADAR,ADFR,4.0,electrical
ADAR,AVDL,3.0,electrical
AVHL,ASKL,8.0,electrical
AVHL,ASHR,2.0,electrical
AVHL,AVHR,15.0,electrical
AVHL,PVPR,6.0,electrical
AVHL,AVFL,4.0,electrical
AVHL,AVDL,2.0,electrical
AVHL,AVJR,6.0,electrical
AVHL,PHBL,1.0,electrical
AVHL,PVNL,1.0,electrical
AVHL,DB7,3.0,electrical
AVHL,AS11,3.0,electrical
AVHL,PHAL,1.0,electrical
AVHL,PHBR,10.0,electrical
AVHL,LUAL,1.0,electrical
AVHL,AVFR,11.0,electrical
AVHL,AS10,1.0,electrical
AVHL,VD12,8.0,electrical
PVPR,HSNR,1.0,electrical
PVPR,AVHR,3.0,electrical
PVPR,AVHL,6.0,electrical
PVPR,AVAL,2.0,electrical
PVPR,RMGR,3.0,electrical
PVPR,AVJL,1.0,electrical
PVPR,AVEL,1.0,electrical
PVPR,AQR,61.0,electrical
PVPR,PVPL,2.0,electrical
PVPR,PQR,10.0,electrical
PVPR,PVNR,2.0,electrical
PVPR,AVKL,6.0,electrical
PVPR,AVL,8.0,electrical
PVPR,PHAL,7.0,electrical
PVPR,PVT,17.0,electrical
PVPR,DVC,34.0,electrical
PVPR,DD6,9.0,electrical
PVPR,DVB,4.0,electrical
PVPR,VC1,1.0,electrical
PVPR,PVWL,1.0,electrical
PVPR,VD12,35.0,electrical
SMBDR,SAAVL,2.0,electrical
SMBDR,SMBVR,2.0,electrical
SMBDR,RIBR,2.0,electrical
SMBDR,ALNL,3.0,electrical
SMBDR,SIADR,3.0,electrical
SMBDR,SMDDR,1.0,electrical
SMBDR,ALML,1.0,electrical
SMBDR,AVKL,2.0,electrical
SMBDR,AVKR,9.0,electrical
SMBVR,SAAVL,17.0,electrical
SMBVR,ADFR,1.0,electrical
SMBVR,AIMR,1.0,electrical
SMBVR,SMBDR,2.0,electrical
SMBVR,RMGR,3.0,electrical
SMBVR,URBR,1.0,electrical
SMBVR,AVKL,2.0,electrical
SMBVR,SIBDR,1.0,electrical
SMBVR,AVKR,6.0,electrical
AVAL,URYVR,2.0,electrical
AVAL,PVPR,2.0,electrical
AVAL,AVDL,7.0,electrical
AVAL,AVDR,9.0,electrical
AVAL,AVAR,18.0,electrical
AVAL,PVCL,5.0,electrical
AVAL,AVJL,7.0,electrical
AVAL,AVJR,4.0,electrical
AVAL,AVEL,2.0,electrical
AVAL,PVPL,1.0,electrical
AVAL,PVCR,15.0,electrical
AVAL,LUAR,2.0,electrical
AVAL,PVNL,1.0,electrical
AVAL,DA8,8.0,electrical
AVAL,DA1,2.0,electrical
AVAL,VA2,13.0,electrical
AVAL,PLML,2.0,electrical
AVAL,VA9,5.0,electrical
AVAL,PLMR,1.0,electrical
AVAL,VA1,5.0,electrical
AVAL,URYDL,2.0,electrical
AVAL,RIMR,11.0,electrical
AVAL,SABD,7.0,electrical
AVAL,DA2,7.0,electrical
AVAL,VA6,13.0,electrical
AVAL,VA8,2.0,electrical
AVAL,VB11,2.0,electrical
AVAL,PVDR,6.0,electrical
AVAL,PHCL,1.0,electrical
AVAL,PHCR,3.0,electrical
AVAL,LUAL,2.0,electrical
AVAL,DA9,1.0,electrical
AVAL,DA5,2.0,electrical
AVAL,AS10,5.0,electrical
AVAL,VA11,2.0,electrical
AVAL,SABVR,8.0,electrical
AVAL,DA3,6.0,electrical
AVAL,DA4,2.0,electrical
AVAL,VA3,6.0,electrical
AVAL,VA10,6.0,electrical
AVAL,DA6,4.0,electrical
AVAL,VA4,6.0,electrical
AVAL,DA7,10.0,electrical
AVAL,VA7,2.0,electrical
IL2L,ASJL,1.0,electrical
IL2L,URXL,1.0,electrical
IL2L,RMGL,5.0,electrical
IL2L,ADEL,2.0,electrical
IL2L,OLLL,2.0,electrical
IL2L,URBL,4.0,electrical
IL2L,RMER,2.0,electrical
IL2L,RMDL,2.0,electrical
IL2L,URAVL,1.0,electrical
AIML,ASGL,1.0,electrical
AIML,SIBDR,2.0,electrical
AVFL,PVQR,5.0,electrical
AVFL,AVHR,5.0,electrical
AVFL,AVHL,4.0,electrical
AVFL,PVCL,1.0,electrical
AVFL,PVPL,2.0,electrical
AVFL,AVG,1.0,electrical
AVFL,AS11,2.0,electrical
AVFL,PVNR,1.0,electrical
AVFL,AVFR,31.0,electrical
AVFL,VD12,3.0,electrical
AVFL,VC5,1.0,electrical
AVFL,VC4,1.0,electrical
AVDL,ADAR,3.0,electrical
AVDL,AVHL,2.0,electrical
AVDL,AVAL,7.0,electrical
AVDL,AVDR,6.0,electrical
AVDL,AVAR,2.0,electrical
AVDL,AVJR,1.0,electrical
AVDL,FLPL,5.0,electrical
AVDL,PQR,2.0,electrical
AVDL,RIFL,1.0,electrical
AVDL,AVM,8.0,electrical
AVDL,PVNR,1.0,electrical
AVDL,PLML,3.0,electrical
AVDL,FLPR,9.0,electrical
AVDL,PVT,1.0,electrical
AVDL,VA10,1.0,electrical
AVDR,ADAL,2.0,electrical
AVDR,ADLL,2.0,electrical
AVDR,AVAL,9.0,electrical
AVDR,AVDL,6.0,electrical
AVDR,AVAR,15.0,electrical
AVDR,AVJL,6.0,electrical
AVDR,ALMR,2.0,electrical
AVDR,SIADL,1.0,electrical
AVDR,PVCR,2.0,electrical
AVDR,PQR,3.0,electrical
AVDR,PVNL,1.0,electrical
AVDR,PVNR,1.0,electrical
AVDR,PLML,2.0,electrical
AVDR,FLPR,2.0,electrical
AVDR,SIBDL,1.0,electrical
AVDR,PVWR,1.0,electrical
RIML,AIYL,5.0,electrical
RIML,RMFL,3.0,electrical
RIML,AIBR,2.0,electrical
RIML,AVAR,8.0,electrical
RIML,AVER,9.0,electrical
RIML,AVEL,10.0,electrical
RIML,SIADL,1.0,electrical
RIML,RIS,2.0,electrical
RIML,RMDL,1.0,electrical
AVAR,ASHR,2.0,electrical
AVAR,AVBL,3.0,electrical
AVAR,AVAL,18.0,electrical
AVAR,AVDL,2.0,electrical
AVAR,AVDR,15.0,electrical
AVAR,RIML,8.0,electrical
AVAR,AVER,2.0,electrical
AVAR,PVCL,10.0,electrical
AVAR,AVJR,3.0,electrical
AVAR,RMDR,2.0,electrical
AVAR,SAAVR,1.0,electrical
AVAR,PVCR,22.0,electrical
AVAR,PQR,17.0,electrical
AVAR,PHBL,1.0,electrical
AVAR,LUAR,4.0,electrical
AVAR,DA8,5.0,electrical
AVAR,DA1,9.0,electrical
AVAR,PLML,3.0,electrical
AVAR,VA9,5.0,electrical
AVAR,VA1,7.0,electrical
AVAR,RIMR,2.0,electrical
AVAR,DA2,3.0,electrical
AVAR,VA8,2.0,electrical
AVAR,VA12,3.0,electrical
AVAR,PVDL,4.0,electrical
AVAR,PVT,2.0,electrical
AVAR,PHCR,1.0,electrical
AVAR,DA9,4.0,electrical
AVAR,URYDR,5.0,electrical
AVAR,RMDVR,1.0,electrical
AVAR,URYVL,1.0,electrical
AVAR,SIBDL,1.0,electrical
AVAR,DA5,5.0,electrical
AVAR,AS10,2.0,electrical
AVAR,VD11,1.0,electrical
AVAR,PVWR,2.0,electrical
AVAR,VA5,5.0,electrical
AVAR,VA11,16.0,electrical
AVAR,SABVL,15.0,electrical
AVAR,SABVR,2.0,electrical
AVAR,DA3,7.0,electrical
AVAR,DA4,2.0,electrical
AVAR,VA3,3.0,electrical
AVAR,VA10,4.0,electrical
AVAR,DA6,4.0,electrical
AVAR,AS3,1.0,electrical
AVAR,VA4,3.0,electrical
AVAR,AS5,3.0,electrical
AVAR,VA7,5.0,electrical
AVAR,AS6,2.0,electrical
RMGR,ASHR,3.0,electrical
RMGR,ASKR,1.0,electrical
RMGR,AWBR,1.0,electrical
RMGR,RIFR,1.0,electrical
RMGR,IL2R,1.0,electrical
RMGR,URXR,5.0,electrical
RMGR,PVPR,3.0,electrical
RMGR,SMBVR,3.0,electrical
RMGR,RMHL,1.0,electrical
RMGR,ALNR,1.0,electrical
RMGR,RMHR,4.0,electrical
AVER,ASHR,1.0,electrical
AVER,ALA,3.0,electrical
AVER,RIML,9.0,electrical
AVER,AVAR,2.0,electrical
AVER,AVEL,5.0,electrical
AVER,RMDDL,2.0,electrical
AVER,RMDR,5.0,electrical
AVER,SMDDR,1.0,electrical
AVER,RMDVL,1.0,electrical
AVER,RIFL,1.0,electrical
AVER,DA1,1.0,electrical
AVER,RIMR,11.0,electrical
AVER,RMEV,1.0,electrical
AVER,RMDVR,7.0,electrical
AVER,AVKR,1.0,electrical
AVER,AS1,1.0,electrical
PVCL,AVAL,5.0,electrical
PVCL,AVFL,1.0,electrical
PVCL,AVAR,10.0,electrical
PVCL,AVJL,3.0,electrical
PVCL,AVJR,3.0,electrical
PVCL,DVA,3.0,electrical
PVCL,PVCR,67.0,electrical
PVCL,PQR,2.0,electrical
PVCL,PHBL,3.0,electrical
PVCL,PVNL,2.0,electrical
PVCL,DA8,17.0,electrical
PVCL,DB7,8.0,electrical
PVCL,PDEL,2.0,electrical
PVCL,PDER,1.0,electrical
PVCL,PLML,4.0,electrical
PVCL,VA12,18.0,electrical
PVCL,VB11,4.0,electrical
PVCL,LUAL,1.0,electrical
PVCL,DD6,1.0,electrical
PVCL,PVWL,4.0,electrical
PVCL,VD13,1.0,electrical
PVCL,DA4,1.0,electrical
PVCL,DA7,1.0,electrical
PVCL,VB10,2.0,electrical
OLQVL,RIBL,2.0,electrical
OLQVL,ADAL,4.0,electrical
OLQVL,RIGL,2.0,electrical
OLQVL,RMDDL,3.0,electrical
OLQVL,CEPVL,4.0,electrical
AVJL,RIFR,1.0,electrical
AVJL,AVHR,3.0,electrical
AVJL,PVPR,1.0,electrical
AVJL,AVAL,7.0,electrical
AVJL,AVDR,6.0,electrical
AVJL,PVCL,3.0,electrical
AVJL,AVJR,10.0,electrical
AVJL,RIS,15.0,electrical
AVJL,PVCR,19.0,electrical
AVJL,PQR,5.0,electrical
AVJL,LUAR,1.0,electrical
AVJL,PVNL,5.0,electrical
AVJL,PVT,1.0,electrical
AVJL,LUAL,5.0,electrical
AVJL,PVWL,3.0,electrical
AVJL,PVWR,5.0,electrical
AVJL,PDB,2.0,electrical
AVJR,AVHR,2.0,electrical
AVJR,AVHL,6.0,electrical
AVJR,AVAL,4.0,electrical
AVJR,AVDL,1.0,electrical
AVJR,AVAR,3.0,electrical
AVJR,PVCL,3.0,electrical
AVJR,AVJL,10.0,electrical
AVJR,ADER,1.0,electrical
AVJR,PVCR,1.0,electrical
AVJR,PQR,2.0,electrical
AVJR,PHBL,1.0,electrical
AVJR,LUAR,1.0,electrical
AVJR,PVNL,1.0,electrical
AVJR,AVG,1.0,electrical
AVJR,PVNR,5.0,electrical
AVJR,PHCR,1.0,electrical
URBR,AFDR,2.0,electrical
URBR,OLQVR,5.0,electrical
URBR,IL2R,4.0,electrical
URBR,SMBVR,1.0,electrical
URBR,OLQDR,7.0,electrical
RICL,ASHL,5.0,electrical
RICL,AWBR,4.0,electrical
RICL,AVKR,4.0,electrical
RICR,ASHR,4.0,electrical
RICR,AIBR,1.0,electrical
RICR,URXR,1.0,electrical
RICR,RMHR,1.0,electrical
RICR,AVKL,2.0,electrical
RIPR,I1R,2.0,electrical
RIPR,RIPL,2.0,electrical
RIPR,RMED,4.0,electrical
SIBVL,AVBL,2.0,electrical
SIBVL,SMBVL,2.0,electrical
SIBVL,AVBR,4.0,electrical
SIBVL,SIAVL,2.0,electrical
SIBVL,SDQR,2.0,electrical
SIBVL,PVCR,1.0,electrical
SIBVL,ADEL,1.0,electrical
SIBVL,RMDL,2.0,electrical
SIBVL,SIBVR,1.0,electrical
SIBVL,SIBDL,8.0,electrical
BAGR,RIR,5.0,electrical
BAGR,BAGL,1.0,electrical
BAGR,AVEL,1.0,electrical
AINL,ASGR,1.0,electrical
AINL,AUAR,1.0,electrical
AINL,AINR,1.0,electrical
AINL,ADEL,2.0,electrical
RIBR,RIBL,15.0,electrical
RIBR,RIGR,2.0,electrical
RIBR,AVBL,2.0,electrical
RIBR,OLQVR,6.0,electrical
RIBR,AVBR,3.0,electrical
RIBR,SMBDR,2.0,electrical
RIBR,RIBR,5.0,electrical
RIBR,SIAVR,2.0,electrical
RIBR,SIADR,3.0,electrical
RIBR,SMDDR,2.0,electrical
RIBR,SMDDL,4.0,electrical
RIBR,SIBDR,2.0,electrical
RIBR,OLQDR,5.0,electrical
RIBR,SIBVR,6.0,electrical
AVEL,AFDL,1.0,electrical
AVEL,PVPR,1.0,electrical
AVEL,AVAL,2.0,electrical
AVEL,RIML,10.0,electrical
AVEL,AVER,5.0,electrical
AVEL,BAGR,1.0,electrical
AVEL,RMGL,2.0,electrical
AVEL,RIS,3.0,electrical
AVEL,RIMR,7.0,electrical
AVEL,AVL,1.0,electrical
AVEL,SMDVR,1.0,electrical
AVEL,RMEV,1.0,electrical
AVEL,RMDVR,2.0,electrical
AVEL,AS1,2.0,electrical
RID,ALA,4.0,electrical
RID,AVBL,2.0,electrical
RID,AVBR,7.0,electrical
RID,RID,5.0,electrical
RID,AS11,1.0,electrical
RID,DB3,1.0,electrical
RID,DA9,1.0,electrical
RID,PDB,2.0,electrical
RID,DB1,2.0,electrical
URAVR,IL1VR,4.0,electrical
RIVR,AIBR,3.0,electrical
RIVR,RIVL,28.0,electrical
RIVR,SAADL,1.0,electrical
RIVR,SDQR,3.0,electrical
RIVR,SMDVR,8.0,electrical
AQR,RIGR,3.0,electrical
AQR,AVBL,3.0,electrical
AQR,PVPR,61.0,electrical
AQR,PVPL,41.0,electrical
AQR,AVKL,7.0,electrical
AQR,AVKR,2.0,electrical
IL1DL,IL1L,2.0,electrical
IL1DL,RMEV,1.0,electrical
IL1DL,IL1DR,3.0,electrical
RMGL,AWBL,1.0,electrical
RMGL,ASHL,3.0,electrical
RMGL,ADLL,3.0,electrical
RMGL,URXL,3.0,electrical
RMGL,IL2L,5.0,electrical
RMGL,AVEL,2.0,electrical
RMGL,RMDDR,1.0,electrical
RMGL,RMHL,6.0,electrical
RMGL,ALML,3.0,electrical
RMGL,AVFR,1.0,electrical
ALMR,AVDR,2.0,electrical
ALMR,PVR,3.0,electrical
ALMR,SDQR,2.0,electrical
ALMR,AVM,16.0,electrical
CEPDR,OLQDR,8.0,electrical
RMDDL,RIAR,1.0,electrical
RMDDL,AVER,2.0,electrical
RMDDL,OLQVL,3.0,electrical
RMDDL,RMDVL,2.0,electrical
RMDDL,SMDDL,3.0,electrical
RMDDL,RMDL,1.0,electrical
RMDDL,IL1VL,1.0,electrical
RMDDL,SIBVR,2.0,electrical
RMDR,AVAR,2.0,electrical
RMDR,AVER,5.0,electrical
RMDR,RIS,1.0,electrical
RMDR,RMDVR,1.0,electrical
SIADL,RIBL,2.0,electrical
SIADL,SMBDL,2.0,electrical
SIADL,AVDR,1.0,electrical
SIADL,RIML,1.0,electrical
SIADL,RMDDR,1.0,electrical
SIAVR,RIAR,1.0,electrical
SIAVR,RIBR,2.0,electrical
SIAVR,RMDVL,1.0,electrical
SIAVR,DVA,1.0,electrical
SIAVR,SDQR,1.0,electrical
SIAVR,RMDL,1.0,electrical
ALNL,SMDVL,1.0,electrical
ALNL,SMBDR,3.0,electrical
ALNL,SMDDR,2.0,electrical
RMDDR,OLQVR,1.0,electrical
RMDDR,RIAR,1.0,electrical
RMDDR,RMGL,1.0,electrical
RMDDR,SIADL,1.0,electrical
RMDDR,SMDDR,1.0,electrical
RMDDR,SAADR,1.0,electrical
RMDDR,ALML,2.0,electrical
RMDDR,ADEL,1.0,electrical
RMDDR,RMDL,1.0,electrical
RMDDR,RMDVR,5.0,electrical
RMHL,RMGR,1.0,electrical
RMHL,RMGL,6.0,electrical
RMHL,SMDDL,1.0,electrical
RMHL,SIBVR,3.0,electrical
SIADR,AIBL,1.0,electrical
SIADR,SMBDR,3.0,electrical
SIADR,RIBR,3.0,electrical
SIADR,SMDDR,1.0,electrical
SIADR,SDQL,1.0,electrical
SIADR,FLPL,1.0,electrical
SIADR,DVA,1.0,electrical
SIADR,RIMR,1.0,electrical
ALNR,RMGR,1.0,electrical
ALNR,ADER,2.0,electrical
ALNR,PVR,16.0,electrical
ALNR,SMDDL,1.0,electrical
ADER,PVQR,2.0,electrical
ADER,AINR,4.0,electrical
ADER,AVJR,1.0,electrical
ADER,ALNR,2.0,electrical
ADER,AVKL,4.0,electrical
ADER,PVM,1.0,electrical
ADER,FLPR,4.0,electrical
SAAVR,SAAVL,1.0,electrical
SAAVR,RMFL,1.0,electrical
SAAVR,SMBDL,1.0,electrical
SAAVR,SMBVL,16.0,electrical
SAAVR,RIAR,1.0,electrical
SAAVR,AVAR,1.0,electrical
SAAVR,DVA,1.0,electrical
SAAVR,SMDDL,4.0,electrical
SAAVR,VB1,1.0,electrical
SAAVR,RMDVR,9.0,electrical
SMDDR,ASGL,2.0,electrical
SMDDR,AIBL,1.0,electrical
SMDDR,ASJL,1.0,electrical
SMDDR,SMDVL,1.0,electrical
SMDDR,SMBDR,1.0,electrical
SMDDR,AVER,1.0,electrical
SMDDR,RIBR,2.0,electrical
SMDDR,ALNL,2.0,electrical
SMDDR,RMDDR,1.0,electrical
SMDDR,SIADR,1.0,electrical
SMDDR,RIS,5.0,electrical
SMDDR,VD1,5.0,electrical
PLNL,PHBL,1.0,electrical
PLNL,PHAL,1.0,electrical
PLNL,PHCL,2.0,electrical
SAADL,SMBDL,3.0,electrical
SAADL,RIVR,1.0,electrical
SAADL,SDQR,1.0,electrical
SAADL,RMDVR,1.0,electrical
SIAVL,RIBL,1.0,electrical
SIAVL,AIBR,1.0,electrical
SIAVL,AVHR,1.0,electrical
SIAVL,RIAR,1.0,electrical
SIAVL,SIBVL,2.0,electrical
SIAVL,RMDVR,1.0,electrical
SIAVL,SIBDL,2.0,electrical
PLNR,VA2,2.0,electrical
PLNR,PLMR,1.0,electrical
PLNR,PHAR,6.0,electrical
SAADR,RMFL,1.0,electrical
SAADR,RIVL,2.0,electrical
SAADR,RMDDR,1.0,electrical
RMDVL,SAAVL,3.0,electrical
RMDVL,OLQVR,2.0,electrical
RMDVL,AUAL,2.0,electrical
RMDVL,SMDVL,5.0,electrical
RMDVL,AVER,1.0,electrical
RMDVL,RMDDL,2.0,electrical
RMDVL,SIAVR,1.0,electrical
RMDVL,RMDL,1.0,electrical
RMDVL,OLQDL,1.0,electrical
RMDVL,SIBVR,1.0,electrical
SDQL,SIADR,1.0,electrical
SDQL,FLPL,1.0,electrical
SDQL,DVA,1.0,electrical
SDQL,SDQR,2.0,electrical
ALML,SMBDR,1.0,electrical
ALML,RMGL,3.0,electrical
ALML,RMDDR,2.0,electrical
ALML,PVR,3.0,electrical
ALML,AVM,7.0,electrical
FLPL,AIBL,1.0,electrical
FLPL,RIH,1.0,electrical
FLPL,AVDL,5.0,electrical
FLPL,SIADR,1.0,electrical
FLPL,SDQL,1.0,electrical
FLPL,FLPR,6.0,electrical
FLPL,DD1,1.0,electrical
DVA,AVBL,11.0,electrical
DVA,AVBR,3.0,electrical
DVA,PVCL,3.0,electrical
DVA,SIAVR,1.0,electrical
DVA,SIADR,1.0,electrical
DVA,SAAVR,1.0,electrical
DVA,SDQL,1.0,electrical
DVA,PVR,15.0,electrical
DVA,SDQR,1.0,electrical
DVA,PVPL,1.0,electrical
DVA,PVCR,1.0,electrical
DVA,DB7,3.0,electrical
DVA,AS11,1.0,electrical
DVA,AVKL,18.0,electrical
DVA,PVM,1.0,electrical
DVA,PDEL,3.0,electrical
DVA,PDER,6.0,electrical
DVA,PVT,8.0,electrical
DVA,DA9,3.0,electrical
DVA,DVC,1.0,electrical
DVA,VA11,1.0,electrical
DVA,PDA,1.0,electrical
DVA,DB1,3.0,electrical
RIS,AIBL,1.0,electrical
RIS,AIBR,3.0,electrical
RIS,SMDVL,2.0,electrical
RIS,RIML,2.0,electrical
RIS,AVJL,15.0,electrical
RIS,AVEL,3.0,electrical
RIS,RMDR,1.0,electrical
RIS,SMDDR,5.0,electrical
RIS,SMDDL,2.0,electrical
RIS,RIMR,2.0,electrical
RIS,RMEV,1.0,electrical
PVR,ALMR,3.0,electrical
PVR,ALNR,16.0,electrical
PVR,ALML,3.0,electrical
PVR,DVA,15.0,electrical
PVR,PVCR,19.0,electrical
PVR,LUAR,9.0,electrical
PVR,DB7,4.0,electrical
PVR,BDUR,3.0,electrical
PVR,AVM,4.0,electrical
PVR,PVNR,5.0,electrical
PVR,PVM,1.0,electrical
PVR,PDEL,8.0,electrical
PVR,PDER,9.0,electrical
PVR,PLML,15.0,electrical
PVR,PLMR,3.0,electrical
PVR,PHAR,2.0,electrical
PVR,LUAL,6.0,electrical
PVR,DA9,15.0,electrical
PVR,PVWR,2.0,electrical
PVR,PDB,13.0,electrical
PVR,VD13,1.0,electrical
SDQR,AIBL,1.0,electrical
SDQR,AVBL,1.0,electrical
SDQR,RIVL,5.0,electrical
SDQR,SIBVL,2.0,electrical
SDQR,RIVR,3.0,electrical
SDQR,ALMR,2.0,electrical
SDQR,SIAVR,1.0,electrical
SDQR,SAADL,1.0,electrical
SDQR,SDQL,2.0,electrical
SDQR,DVA,1.0,electrical
RMHR,OLQVR,1.0,electrical
RMHR,RMGR,4.0,electrical
RMHR,RICR,1.0,electrical
PVPL,AIBR,2.0,electrical
PVPL,PVQL,8.0,electrical
PVPL,HSNL,1.0,electrical
PVPL,AVHR,4.0,electrical
PVPL,RIGL,2.0,electrical
PVPL,PVPR,2.0,electrical
PVPL,AVAL,1.0,electrical
PVPL,AVFL,2.0,electrical
PVPL,AQR,41.0,electrical
PVPL,DVA,1.0,electrical
PVPL,PVPL,1.0,electrical
PVPL,PQR,16.0,electrical
PVPL,PVNL,2.0,electrical
PVPL,AVG,3.0,electrical
PVPL,AS11,6.0,electrical
PVPL,AVKL,3.0,electrical
PVPL,VA12,1.0,electrical
PVPL,AVL,1.0,electrical
PVPL,PHAR,15.0,electrical
PVPL,PHBR,1.0,electrical
PVPL,PVT,14.0,electrical
PVPL,DVC,20.0,electrical
PVPL,AVFR,3.0,electrical
PVPL,AVKR,22.0,electrical
PVPL,DD6,2.0,electrical
PVPL,DVB,4.0,electrical
PVPL,PDB,1.0,electrical
PVPL,VD13,11.0,electrical
PVCR,AVAL,15.0,electrical
PVCR,AVDR,2.0,electrical
PVCR,AVAR,22.0,electrical
PVCR,PVCL,67.0,electrical
PVCR,AVJL,19.0,electrical
PVCR,AVJR,1.0,electrical
PVCR,SIBVL,1.0,electrical
PVCR,DVA,1.0,electrical
PVCR,PVR,19.0,electrical
PVCR,DB7,2.0,electrical
PVCR,PDER,2.0,electrical
PVCR,VA9,3.0,electrical
PVCR,PLMR,8.0,electrical
PVCR,VA12,8.0,electrical
PVCR,VB11,2.0,electrical
PVCR,PVDL,1.0,electrical
PVCR,PVDR,2.0,electrical
PVCR,SIBDR,1.0,electrical
PVCR,PVT,4.0,electrical
PVCR,PHCR,5.0,electrical
PVCR,DA9,3.0,electrical
PVCR,SIBVR,1.0,electrical
PVCR,PVWL,10.0,electrical
PVCR,PVWR,10.0,electrical
PVCR,VA11,3.0,electrical
PVCR,DA7,3.0,electrical
PVCR,VB10,1.0,electrical
PQR,PVPR,10.0,electrical
PQR,AVDL,2.0,electrical
PQR,AVDR,3.0,electrical
PQR,AVAR,17.0,electrical
PQR,PVCL,2.0,electrical
PQR,AVJL,5.0,electrical
PQR,AVJR,2.0,electrical
PQR,PVPL,16.0,electrical
PQR,PVNL,3.0,electrical
PQR,PVNR,2.0,electrical
PHBL,PVQL,3.0,electrical
PHBL,AVHR,2.0,electrical
PHBL,AVHL,1.0,electrical
PHBL,AVAR,1.0,electrical
PHBL,PVCL,3.0,electrical
PHBL,AVJR,1.0,electrical
PHBL,PLNL,1.0,electrical
PHBL,PHBR,17.0,electrical
LUAR,AVAL,2.0,electrical
LUAR,AVAR,4.0,electrical
LUAR,AVJL,1.0,electrical
LUAR,AVJR,1.0,electrical
LUAR,PVR,9.0,electrical
LUAR,PVNR,2.0,electrical
LUAR,PLMR,9.0,electrical
LUAR,PVT,4.0,electrical
LUAR,PVWL,3.0,electrical
LUAR,PVWR,3.0,electrical
PVNL,AVBR,7.0,electrical
PVNL,AVHL,1.0,electrical
PVNL,AVAL,1.0,electrical
PVNL,AVDR,1.0,electrical
PVNL,PVCL,2.0,electrical
PVNL,AVJL,5.0,electrical
PVNL,AVJR,1.0,electrical
PVNL,PVPL,2.0,electrical
PVNL,PQR,3.0,electrical
PVNL,BDUL,1.0,electrical
PVNL,PVNR,2.0,electrical
PVNL,PVT,2.0,electrical
PVNL,LUAL,3.0,electrical
AVG,RIFR,3.0,electrical
AVG,AVHR,4.0,electrical
AVG,AVFL,1.0,electrical
AVG,AVJR,1.0,electrical
AVG,PVPL,3.0,electrical
AVG,AS11,1.0,electrical
AVG,PVDL,1.0,electrical
AVG,PHAL,3.0,electrical
AVG,PHAR,2.0,electrical
AVG,PVT,4.0,electrical
AVG,PHCR,1.0,electrical
AVG,DVC,12.0,electrical
AVG,DD6,1.0,electrical
DA8,PVQL,1.0,electrical
DA8,AVHR,5.0,electrical
DA8,AVAL,8.0,electrical
DA8,AVAR,5.0,electrical
DA8,PVCL,17.0,electrical
DA8,AS11,1.0,electrical
DA8,VA12,6.0,electrical
DA8,DA9,15.0,electrical
DA8,DD6,2.0,electrical
DA8,DVB,5.0,electrical
DA8,PDA,1.0,electrical
DA8,VA10,2.0,electrical
DA8,DA7,1.0,electrical
DB7,AVBL,13.0,electrical
DB7,AVBR,3.0,electrical
DB7,AVHL,3.0,electrical
DB7,PVCL,8.0,electrical
DB7,DVA,3.0,electrical
DB7,PVR,4.0,electrical
DB7,PVCR,2.0,electrical
DB7,AS10,1.0,electrical
DB7,PDB,2.0,electrical
DB7,VA10,1.0,electrical
DB7,DB6,5.0,electrical
AS11,AVHR,17.0,electrical
AS11,AVHL,3.0,electrical
AS11,AVFL,2.0,electrical
AS11,RID,1.0,electrical
AS11,DVA,1.0,electrical
AS11,PVPL,6.0,electrical
AS11,AVG,1.0,electrical
AS11,DA8,1.0,electrical
AS11,AVKL,1.0,electrical
AS11,VB11,1.0,electrical
AS11,DVB,4.0,electrical
AS11,PDB,4.0,electrical
CEPVL,RIH,1.0,electrical
CEPVL,OLQVL,4.0,electrical
CEPVL,URAVL,3.0,electrical
RIFL,HSNL,1.0,electrical
RIFL,AVDL,1.0,electrical
RIFL,AVER,1.0,electrical
RIFL,VD1,1.0,electrical
BDUL,PVNL,1.0,electrical
BDUR,HSNL,1.0,electrical
BDUR,HSNR,1.0,electrical
BDUR,PVR,3.0,electrical
SMDDL,RIBL,3.0,electrical
SMDDL,AIBR,2.0,electrical
SMDDL,RIAR,1.0,electrical
SMDDL,RIBR,4.0,electrical
SMDDL,RMDDL,3.0,electrical
SMDDL,RMHL,1.0,electrical
SMDDL,ALNR,1.0,electrical
SMDDL,SAAVR,4.0,electrical
SMDDL,RIS,2.0,electrical
SMDDL,RMDL,2.0,electrical
SMDDL,SIBDL,3.0,electrical
AVM,AVDL,8.0,electrical
AVM,ALMR,16.0,electrical
AVM,ALML,7.0,electrical
AVM,PVR,4.0,electrical
PVNR,HSNL,2.0,electrical
PVNR,HSNR,2.0,electrical
PVNR,AVBL,5.0,electrical
PVNR,AVBR,2.0,electrical
PVNR,PVPR,2.0,electrical
PVNR,AVFL,1.0,electrical
PVNR,AVDL,1.0,electrical
PVNR,AVDR,1.0,electrical
PVNR,AVJR,5.0,electrical
PVNR,PVR,5.0,electrical
PVNR,PQR,2.0,electrical
PVNR,LUAR,2.0,electrical
PVNR,PVNL,2.0,electrical
PVNR,PVT,3.0,electrical
PVNR,DVC,1.0,electrical
PVNR,PVWR,6.0,electrical
PVNR,VD13,1.0,electrical
AVKL,AIYL,1.0,electrical
AVKL,RIGR,1.0,electrical
AVKL,RIGL,2.0,electrical
AVKL,SMBDL,2.0,electrical
AVKL,SMBVL,6.0,electrical
AVKL,PVPR,6.0,electrical
AVKL,SMBDR,2.0,electrical
AVKL,SMBVR,2.0,electrical
AVKL,RICR,2.0,electrical
AVKL,AQR,7.0,electrical
AVKL,ADER,4.0,electrical
AVKL,DVA,18.0,electrical
AVKL,PVPL,3.0,electrical
AVKL,AS11,1.0,electrical
AVKL,PVM,1.0,electrical
AVKL,PDER,1.0,electrical
AVKL,VB11,1.0,electrical
AVKL,AVL,3.0,electrical
AVKL,PVT,5.0,electrical
AVKL,AVKR,9.0,electrical
AVKL,AS10,1.0,electrical
AVKL,VB10,1.0,electrical
DA1,AVAL,2.0,electrical
DA1,AVAR,9.0,electrical
DA1,AVER,1.0,electrical
DA1,FLPR,5.0,electrical
DA1,DA2,1.0,electrical
DA1,SABVR,1.0,electrical
VA2,AVAL,13.0,electrical
VA2,PLNR,2.0,electrical
VA2,SABD,12.0,electrical
VA2,VA6,1.0,electrical
VA2,DA3,1.0,electrical
VA2,VD2,1.0,electrical
VB3,AVBR,7.0,electrical
VB3,VB2,10.0,electrical
VB3,DB1,5.0,electrical
VB3,VA4,1.0,electrical
VB3,VB4,1.0,electrical
PVM,ADER,1.0,electrical
PVM,DVA,1.0,electrical
PVM,PVR,1.0,electrical
PVM,AVKL,1.0,electrical
PVM,PVM,1.0,electrical
PVM,PDEL,11.0,electrical
PVM,PDER,8.0,electrical
PVM,DB3,2.0,electrical
PVM,VD9,1.0,electrical
PDEL,PVCL,2.0,electrical
PDEL,DVA,3.0,electrical
PDEL,PVR,8.0,electrical
PDEL,PVM,11.0,electrical
PDEL,PDER,25.0,electrical
PDEL,PLML,2.0,electrical
PDEL,PLMR,4.0,electrical
PDEL,AVKR,1.0,electrical
PDEL,VD6,2.0,electrical
PDEL,VB10,1.0,electrical
PDER,PVCL,1.0,electrical
PDER,DVA,6.0,electrical
PDER,PVR,9.0,electrical
PDER,PVCR,2.0,electrical
PDER,AVKL,1.0,electrical
PDER,PVM,8.0,electrical
PDER,PDEL,25.0,electrical
PDER,PLML,3.0,electrical
PDER,PLMR,2.0,electrical
PDER,PVDR,1.0,electrical
PDER,VD9,5.0,electrical
PDER,VB9,7.0,electrical
PDER,VB10,4.0,electrical
PLML,AVAL,2.0,electrical
PLML,AVDL,3.0,electrical
PLML,AVDR,2.0,electrical
PLML,AVAR,3.0,electrical
PLML,PVCL,4.0,electrical
PLML,PVR,15.0,electrical
PLML,PDEL,2.0,electrical
PLML,PDER,3.0,electrical
PLML,LUAL,8.0,electrical
VA9,AVAL,5.0,electrical
VA9,AVAR,5.0,electrical
VA9,PVCR,3.0,electrical
VA9,VB8,3.0,electrical
PLMR,AVAL,1.0,electrical
PLMR,PLNR,1.0,electrical
PLMR,PVR,3.0,electrical
PLMR,PVCR,8.0,electrical
PLMR,LUAR,9.0,electrical
PLMR,PDEL,4.0,electrical
PLMR,PDER,2.0,electrical
FLPR,AVDL,9.0,electrical
FLPR,AVDR,2.0,electrical
FLPR,ADER,4.0,electrical
FLPR,FLPL,6.0,electrical
FLPR,DA1,5.0,electrical
FLPR,DA2,6.0,electrical
FLPR,DA3,16.0,electrical
FLPR,AS1,1.0,electrical
ADEL,RIGR,1.0,electrical
ADEL,IL2L,2.0,electrical
ADEL,SIBVL,1.0,electrical
ADEL,AINL,2.0,electrical
ADEL,RMDDR,1.0,electrical
ADEL,RMER,1.0,electrical
ADEL,SIBDL,1.0,electrical
DD1,HSNR,1.0,electrical
DD1,RIFR,2.0,electrical
DD1,FLPL,1.0,electrical
DD1,VD1,1.0,electrical
DD1,VC1,1.0,electrical
DD1,DD2,6.0,electrical
DD1,VD3,4.0,electrical
DD1,SABVR,1.0,electrical
DD1,VD2,3.0,electrical
VA1,AVAL,5.0,electrical
VA1,AVAR,7.0,electrical
VA1,DA2,9.0,electrical
VB1,AVBL,1.0,electrical
VB1,SMDVL,6.0,electrical
VB1,SAAVR,1.0,electrical
VB1,SABD,3.0,electrical
VB1,DB2,1.0,electrical
VB1,VB2,2.0,electrical
VB1,AVFR,1.0,electrical
URYDL,RIGL,4.0,electrical
URYDL,AVAL,2.0,electrical
RIMR,AIYR,3.0,electrical
RIMR,AIBL,1.0,electrical
RIMR,AVAL,11.0,electrical
RIMR,AVAR,2.0,electrical
RIMR,AVER,11.0,electrical
RIMR,AVEL,7.0,electrical
RIMR,SIADR,1.0,electrical
RIMR,RIS,2.0,electrical
RIMR,AVKR,1.0,electrical
SABD,AVAL,7.0,electrical
SABD,VA2,12.0,electrical
SABD,VB1,3.0,electrical
SABD,VA3,2.0,electrical
DA2,AVAL,7.0,electrical
DA2,AVAR,3.0,electrical
DA2,DA1,1.0,electrical
DA2,FLPR,6.0,electrical
DA2,VA1,9.0,electrical
DA2,DA5,1.0,electrical
DA2,VA5,3.0,electrical
DA2,AS3,1.0,electrical
DA2,AS2,2.0,electrical
DB2,AVBR,3.0,electrical
DB2,VB1,1.0,electrical
DB2,DB3,14.0,electrical
DB2,DB1,5.0,electrical
DB2,VB4,1.0,electrical
DB3,AVBL,9.0,electrical
DB3,AVBR,2.0,electrical
DB3,RID,1.0,electrical
DB3,PVM,2.0,electrical
DB3,DB2,14.0,electrical
DB3,DB4,1.0,electrical
DB3,VB6,1.0,electrical
DB3,DD3,1.0,electrical
DB4,AVBL,4.0,electrical
DB4,AVBR,5.0,electrical
DB4,DB3,1.0,electrical
DB4,VB7,1.0,electrical
DB4,DD3,1.0,electrical
DB4,DB5,5.0,electrical
VA6,AVAL,13.0,electrical
VA6,VA2,1.0,electrical
VA6,DA3,1.0,electrical
VA8,AVAL,2.0,electrical
VA8,AVAR,2.0,electrical
VA12,AVAR,3.0,electrical
VA12,PVCL,18.0,electrical
VA12,PVPL,1.0,electrical
VA12,PVCR,8.0,electrical
VA12,DA8,6.0,electrical
VA12,VB11,7.0,electrical
VA12,PHCL,1.0,electrical
VA12,DA9,1.0,electrical
VA12,DD6,7.0,electrical
VA12,AS10,3.0,electrical
VA12,VD12,8.0,electrical
VA12,VA11,1.0,electrical
VA12,VD13,6.0,electrical
VB7,AVBL,4.0,electrical
VB7,AVBR,3.0,electrical
VB7,DB4,1.0,electrical
VB7,VB6,5.0,electrical
VB7,VB2,1.0,electrical
VB7,VB8,5.0,electrical
VB11,AVBL,5.0,electrical
VB11,AVBR,6.0,electrical
VB11,AVAL,2.0,electrical
VB11,PVCL,4.0,electrical
VB11,PVCR,2.0,electrical
VB11,AS11,1.0,electrical
VB11,AVKL,1.0,electrical
VB11,VA12,7.0,electrical
VB11,DA9,1.0,electrical
VB11,VD12,1.0,electrical
PVDL,ALA,250.0,electrical
PVDL,AVAR,4.0,electrical
PVDL,PVCR,1.0,electrical
PVDL,AVG,1.0,electrical
PVDL,PVDR,3.0,electrical
PVDL,CANL,100.0,electrical
PVDL,DA5,1.0,electrical
PVDL,DA3,1.0,electrical
PVDL,VA10,1.0,electrical
PVDL,DB1,1.0,electrical
PVDR,ALA,250.0,electrical
PVDR,AVAL,6.0,electrical
PVDR,PVCR,2.0,electrical
PVDR,PDER,1.0,electrical
PVDR,PVDL,3.0,electrical
PVDR,DVC,1.0,electrical
PVDR,CANR,100.0,electrical
PVDR,VD9,1.0,electrical
PVDR,AS3,1.0,electrical
DD5,VD10,2.0,electrical
DD5,DD6,3.0,electrical
DD5,VD11,1.0,electrical
DD5,VD9,1.0,electrical
DD5,DD4,3.0,electrical
VD10,DD5,2.0,electrical
VD10,VD11,6.0,electrical
VD10,VD9,6.0,electrical
VB5,AVBL,3.0,electrical
VB5,AVBR,3.0,electrical
VB5,VB6,5.0,electrical
VB5,VB4,1.0,electrical
VB6,AVBL,3.0,electrical
VB6,AVBR,4.0,electrical
VB6,DB3,1.0,electrical
VB6,VB7,5.0,electrical
VB6,VB5,5.0,electrical
OLLL,RIGL,3.0,electrical
OLLL,OLLR,11.0,electrical
OLLL,IL2L,2.0,electrical
IL1L,RIPL,1.0,electrical
IL1L,IL1DL,2.0,electrical
IL1L,URBL,2.0,electrical
IL1L,RMER,1.0,electrical
IL1L,IL1VL,8.0,electrical
URBL,ADFL,1.0,electrical
URBL,AFDL,9.0,electrical
URBL,IL2L,4.0,electrical
URBL,IL1L,2.0,electrical
URBL,OLQDL,3.0,electrical
AVL,PVPR,8.0,electrical
AVL,AVEL,1.0,electrical
AVL,PVPL,1.0,electrical
AVL,AVKL,3.0,electrical
AVL,PVT,6.0,electrical
AVL,DA9,4.0,electrical
AVL,DVC,22.0,electrical
AVL,DD6,28.0,electrical
AVL,DVB,14.0,electrical
AVL,VD11,1.0,electrical
AVL,PVWR,3.0,electrical
AVL,VD12,2.0,electrical
AVL,VD13,5.0,electrical
AVL,PDA,3.0,electrical
RMER,IL2L,2.0,electrical
RMER,ADEL,1.0,electrical
RMER,IL1L,1.0,electrical
RMER,RMDL,1.0,electrical
RMER,RMEV,1.0,electrical
RMDL,IL2L,2.0,electrical
RMDL,RIML,1.0,electrical
RMDL,SIBVL,2.0,electrical
RMDL,RMDDL,1.0,electrical
RMDL,SIAVR,1.0,electrical
RMDL,RMDDR,1.0,electrical
RMDL,RMDVL,1.0,electrical
RMDL,SMDDL,2.0,electrical
RMDL,RMER,1.0,electrical
SIBDR,RIVL,1.0,electrical
SIBDR,SMBVR,1.0,electrical
SIBDR,AIML,2.0,electrical
SIBDR,RIBR,2.0,electrical
SIBDR,PVCR,1.0,electrical
SIBDR,SIBVR,10.0,electrical
IL1R,IL1DR,8.0,electrical
IL1R,IL1VR,8.0,electrical
SMDVR,ADFR,2.0,electrical
SMDVR,RIAR,1.0,electrical
SMDVR,AVEL,1.0,electrical
SMDVR,RIVR,8.0,electrical
SMDVR,RMDVR,8.0,electrical
VB2,AVBL,14.0,electrical
VB2,AVBR,6.0,electrical
VB2,VB3,10.0,electrical
VB2,VB1,2.0,electrical
VB2,VB7,1.0,electrical
VB2,VB4,1.0,electrical
PHAL,AVHL,1.0,electrical
PHAL,PVPR,7.0,electrical
PHAL,PLNL,1.0,electrical
PHAL,AVG,3.0,electrical
PHAL,PHAR,7.0,electrical
PHAL,PHCL,1.0,electrical
PHAR,AVHR,2.0,electrical
PHAR,PLNR,6.0,electrical
PHAR,PVR,2.0,electrical
PHAR,PVPL,15.0,electrical
PHAR,AVG,2.0,electrical
PHAR,PHAL,7.0,electrical
PHAR,PHCR,1.0,electrical
PHAR,PDA,1.0,electrical
PHBR,AVHR,2.0,electrical
PHBR,AVHL,10.0,electrical
PHBR,PVPL,1.0,electrical
PHBR,PHBL,17.0,electrical
PHBR,PVT,1.0,electrical
PHBR,PHCR,1.0,electrical
PVT,AIBR,1.0,electrical
PVT,PVQR,1.0,electrical
PVT,PVPR,17.0,electrical
PVT,AVDL,1.0,electrical
PVT,AVAR,2.0,electrical
PVT,AVJL,1.0,electrical
PVT,DVA,8.0,electrical
PVT,PVPL,14.0,electrical
PVT,PVCR,4.0,electrical
PVT,LUAR,4.0,electrical
PVT,PVNL,2.0,electrical
PVT,AVG,4.0,electrical
PVT,PVNR,3.0,electrical
PVT,AVKL,5.0,electrical
PVT,AVL,6.0,electrical
PVT,PHBR,1.0,electrical
PVT,RMEV,1.0,electrical
PVT,URAVL,1.0,electrical
PVT,DVC,11.0,electrical
PVT,AVKR,1.0,electrical
PVT,DD6,3.0,electrical
PVT,VC2,1.0,electrical
PVT,DVB,3.0,electrical
PVT,VD11,3.0,electrical
PVT,PVWR,2.0,electrical
PVT,VD12,4.0,electrical
PVT,VD13,17.0,electrical
PVT,VC6,2.0,electrical
PVT,VC3,1.0,electrical
PVT,VC5,2.0,electrical
PHCL,AVAL,1.0,electrical
PHCL,PLNL,2.0,electrical
PHCL,VA12,1.0,electrical
PHCL,PHAL,1.0,electrical
PHCL,PHCR,2.0,electrical
PHCR,AVAL,3.0,electrical
PHCR,AVAR,1.0,electrical
PHCR,AVJR,1.0,electrical
PHCR,PVCR,5.0,electrical
PHCR,AVG,1.0,electrical
PHCR,PHAR,1.0,electrical
PHCR,PHBR,1.0,electrical
PHCR,PHCL,2.0,electrical
PHCR,DA9,7.0,electrical
LUAL,AVHL,1.0,electrical
LUAL,AVAL,2.0,electrical
LUAL,PVCL,1.0,electrical
LUAL,AVJL,5.0,electrical
LUAL,PVR,6.0,electrical
LUAL,PVNL,3.0,electrical
LUAL,PLML,8.0,electrical
DA9,AVAL,1.0,electrical
DA9,AVAR,4.0,electrical
DA9,RID,1.0,electrical
DA9,DVA,3.0,electrical
DA9,PVR,15.0,electrical
DA9,PVCR,3.0,electrical
DA9,DA8,15.0,electrical
DA9,VA12,1.0,electrical
DA9,VB11,1.0,electrical
DA9,AVL,4.0,electrical
DA9,PHCR,7.0,electrical
DA9,VA11,3.0,electrical
DA9,VD13,2.0,electrical
DA9,PDA,9.0,electrical
IL2DL,URADL,1.0,electrical
OLQDL,RIBL,5.0,electrical
OLQDL,CEPDL,2.0,electrical
OLQDL,RIGL,3.0,electrical
OLQDL,RMDVL,1.0,electrical
OLQDL,URBL,3.0,electrical
URADL,IL2DL,1.0,electrical
RMEL,RIGL,2.0,electrical
RMEL,RMEV,4.0,electrical
RMED,RIPL,2.0,electrical
RMED,AIBL,2.0,electrical
RMED,RIPR,4.0,electrical
RMED,RMEV,6.0,electrical
RMED,IL2DR,1.0,electrical
RMED,IL1VL,3.0,electrical
RMEV,RIBL,2.0,electrical
RMEV,SMDVL,1.0,electrical
RMEV,AVER,1.0,electrical
RMEV,AVEL,1.0,electrical
RMEV,IL1DL,1.0,electrical
RMEV,RIS,1.0,electrical
RMEV,RMER,1.0,electrical
RMEV,PVT,1.0,electrical
RMEV,RMEL,4.0,electrical
RMEV,RMED,6.0,electrical
RMEV,IL1DR,4.0,electrical
IL2DR,RMED,1.0,electrical
IL2DR,URADR,1.0,electrical
OLQDR,RIGR,4.0,electrical
OLQDR,RIH,2.0,electrical
OLQDR,URBR,7.0,electrical
OLQDR,RIBR,5.0,electrical
OLQDR,CEPDR,8.0,electrical
OLQDR,RMDVR,1.0,electrical
IL1DR,IL1DL,3.0,electrical
IL1DR,IL1R,8.0,electrical
IL1DR,RMEV,4.0,electrical
IL1DR,RMDVR,1.0,electrical
URADR,IL2DR,1.0,electrical
URADR,URYDR,1.0,electrical
URAVL,RIPL,1.0,electrical
URAVL,IL2L,1.0,electrical
URAVL,CEPVL,3.0,electrical
URAVL,PVT,1.0,electrical
URAVL,IL2VL,3.0,electrical
IL2VL,URAVL,3.0,electrical
IL1VL,RMDDL,1.0,electrical
IL1VL,IL1L,8.0,electrical
IL1VL,RMED,3.0,electrical
IL1VL,IL1VR,11.0,electrical
DVC,AIBL,2.0,electrical
DVC,AIBR,9.0,electrical
DVC,PVQR,7.0,electrical
DVC,AVHR,4.0,electrical
DVC,PVPR,34.0,electrical
DVC,DVA,1.0,electrical
DVC,PVPL,20.0,electrical
DVC,AVG,12.0,electrical
DVC,PVNR,1.0,electrical
DVC,PVDR,1.0,electrical
DVC,AVL,22.0,electrical
DVC,PVT,11.0,electrical
DVC,DD6,1.0,electrical
DVC,VD1,2.0,electrical
DVC,DVB,15.0,electrical
DVC,VD11,1.0,electrical
DVC,VD13,1.0,electrical
DVC,VC6,1.0,electrical
DVC,VC5,1.0,electrical
IL2VR,CEPVR,1.0,electrical
IL2VR,IL1VR,1.0,electrical
IL1VR,URAVR,4.0,electrical
IL1VR,IL1R,8.0,electrical
IL1VR,IL1VL,11.0,electrical
IL1VR,IL2VR,1.0,electrical
URYDR,RIGR,3.0,electrical
URYDR,AVAR,5.0,electrical
URYDR,URADR,1.0,electrical
RMDVR,AFDR,1.0,electrical
RMDVR,AVAR,1.0,electrical
RMDVR,AVER,7.0,electrical
RMDVR,AVEL,2.0,electrical
RMDVR,RMDR,1.0,electrical
RMDVR,RMDDR,5.0,electrical
RMDVR,SAAVR,9.0,electrical
RMDVR,SAADL,1.0,electrical
RMDVR,SIAVL,1.0,electrical
RMDVR,SMDVR,8.0,electrical
RMDVR,OLQDR,1.0,electrical
RMDVR,IL1DR,1.0,electrical
SIBVR,RIBL,2.0,electrical
SIBVR,SMBDL,1.0,electrical
SIBVR,AVBR,1.0,electrical
SIBVR,SIBVL,1.0,electrical
SIBVR,RIBR,6.0,electrical
SIBVR,RMDDL,2.0,electrical
SIBVR,RMHL,3.0,electrical
SIBVR,RMDVL,1.0,electrical
SIBVR,PVCR,1.0,electrical
SIBVR,SIBDR,10.0,electrical
URYVL,RIGL,3.0,electrical
URYVL,AVAR,1.0,electrical
SIBDL,RIBL,5.0,electrical
SIBDL,SMBDL,1.0,electrical
SIBDL,SMBVL,3.0,electrical
SIBDL,AVDR,1.0,electrical
SIBDL,AVAR,1.0,electrical
SIBDL,SIBVL,8.0,electrical
SIBDL,SIAVL,2.0,electrical
SIBDL,SMDDL,3.0,electrical
SIBDL,ADEL,1.0,electrical
AVFR,PVQL,2.0,electrical
AVFR,AVHR,7.0,electrical
AVFR,AVHL,11.0,electrical
AVFR,AVFL,31.0,electrical
AVFR,RMGL,1.0,electrical
AVFR,PVPL,3.0,electrical
AVFR,VB1,1.0,electrical
AVFR,VC5,1.0,electrical
AVFR,VC4,1.0,electrical
AVKR,PVQL,2.0,electrical
AVKR,RIGR,2.0,electrical
AVKR,SMBDL,1.0,electrical
AVKR,AIMR,3.0,electrical
AVKR,SMBDR,9.0,electrical
AVKR,SMBVR,6.0,electrical
AVKR,AVER,1.0,electrical
AVKR,RICL,4.0,electrical
AVKR,AQR,2.0,electrical
AVKR,PVPL,22.0,electrical
AVKR,AVKL,9.0,electrical
AVKR,PDEL,1.0,electrical
AVKR,RIMR,1.0,electrical
AVKR,PVT,1.0,electrical
CANL,ALA,401.0,electrical
CANL,PVDL,100.0,electrical
CANR,ALA,401.0,electrical
CANR,PVDR,100.0,electrical
DD6,AVHR,1.0,electrical
DD6,PVPR,9.0,electrical
DD6,PVCL,1.0,electrical
DD6,PVPL,2.0,electrical
DD6,AVG,1.0,electrical
DD6,DA8,2.0,electrical
DD6,VA12,7.0,electrical
DD6,DD5,3.0,electrical
DD6,AVL,28.0,electrical
DD6,PVT,3.0,electrical
DD6,DVC,1.0,electrical
DD6,DVB,3.0,electrical
DD6,VD11,3.0,electrical
DD6,PDB,2.0,electrical
DD6,VD12,14.0,electrical
DD6,VD13,2.0,electrical
DD6,PDA,1.0,electrical
VD1,RIGR,2.0,electrical
VD1,RIGL,3.0,electrical
VD1,SMDDR,5.0,electrical
VD1,RIFL,1.0,electrical
VD1,DD1,1.0,electrical
VD1,DVC,2.0,electrical
VD1,VC2,1.0,electrical
VD1,VC1,1.0,electrical
VD1,VD2,4.0,electrical
VC2,PVT,1.0,electrical
VC2,VD1,1.0,electrical
VC2,VC2,1.0,electrical
VC2,VC1,12.0,electrical
VC2,VC3,3.0,electrical
VC2,DD4,2.0,electrical
DA5,AVAL,2.0,electrical
DA5,AVAR,5.0,electrical
DA5,DA2,1.0,electrical
DA5,PVDL,1.0,electrical
DA5,DA3,1.0,electrical
DA5,AS6,5.0,electrical
DVB,PVQR,1.0,electrical
DVB,PVPR,4.0,electrical
DVB,PVPL,4.0,electrical
DVB,DA8,5.0,electrical
DVB,AS11,4.0,electrical
DVB,AVL,14.0,electrical
DVB,PVT,3.0,electrical
DVB,DVC,15.0,electrical
DVB,DD6,3.0,electrical
DVB,DVB,2.0,electrical
DVB,VD13,5.0,electrical
AS10,AVHL,1.0,electrical
AS10,AVAL,5.0,electrical
AS10,AVAR,2.0,electrical
AS10,DB7,1.0,electrical
AS10,AVKL,1.0,electrical
AS10,VA12,3.0,electrical
AS10,DA7,1.0,electrical
VC1,PVPR,1.0,electrical
VC1,DD1,1.0,electrical
VC1,VD1,1.0,electrical
VC1,VC2,12.0,electrical
VC1,VC3,7.0,electrical
VD11,AVAR,1.0,electrical
VD11,DD5,1.0,electrical
VD11,VD10,6.0,electrical
VD11,AVL,1.0,electrical
VD11,PVT,3.0,electrical
VD11,DVC,1.0,electrical
VD11,DD6,3.0,electrical
VD11,VD12,6.0,electrical
VD11,VB10,1.0,electrical
DD2,DD1,6.0,electrical
DD2,VD3,1.0,electrical
DD2,VD4,2.0,electrical
DD2,DD3,2.0,electrical
DD2,VD5,1.0,electrical
PVWL,PVPR,1.0,electrical
PVWL,PVCL,4.0,electrical
PVWL,AVJL,3.0,electrical
PVWL,PVCR,10.0,electrical
PVWL,LUAR,3.0,electrical
PVWL,PVWR,2.0,electrical
PVWL,VD13,1.0,electrical
PVWR,PVQR,1.0,electrical
PVWR,AVDR,1.0,electrical
PVWR,AVAR,2.0,electrical
PVWR,AVJL,5.0,electrical
PVWR,PVR,2.0,electrical
PVWR,PVCR,10.0,electrical
PVWR,LUAR,3.0,electrical
PVWR,PVNR,6.0,electrical
PVWR,AVL,3.0,electrical
PVWR,PVT,2.0,electrical
PVWR,PVWL,2.0,electrical
PVWR,VD13,2.0,electrical
PDB,AVJL,2.0,electrical
PDB,RID,2.0,electrical
PDB,PVR,13.0,electrical
PDB,PVPL,1.0,electrical
PDB,DB7,2.0,electrical
PDB,AS11,4.0,electrical
PDB,DD6,2.0,electrical
PDB,VD13,4.0,electrical
PDB,PDA,5.0,electrical
VD12,AVHR,13.0,electrical
VD12,AVHL,8.0,electrical
VD12,PVPR,35.0,electrical
VD12,AVFL,3.0,electrical
VD12,VA12,8.0,electrical
VD12,VB11,1.0,electrical
VD12,AVL,2.0,electrical
VD12,PVT,4.0,electrical
VD12,DD6,14.0,electrical
VD12,VD11,6.0,electrical
VD12,VD13,6.0,electrical
VD12,VB10,1.0,electrical
VA5,AVAR,5.0,electrical
VA5,DA2,3.0,electrical
VA5,AS1,3.0,electrical
VA11,AVAL,2.0,electrical
VA11,AVAR,16.0,electrical
VA11,DVA,1.0,electrical
VA11,PVCR,3.0,electrical
VA11,VA12,1.0,electrical
VA11,DA9,3.0,electrical
VA11,VB10,3.0,electrical
VD3,DD1,4.0,electrical
VD3,DD2,1.0,electrical
VD3,VD4,6.0,electrical
VD3,VA3,1.0,electrical
VD3,VD2,7.0,electrical
VD4,DD2,2.0,electrical
VD4,VD3,6.0,electrical
VD4,VD5,1.0,electrical
VD6,PDEL,2.0,electrical
VD6,VD7,15.0,electrical
VD6,DD3,2.0,electrical
VD6,VD5,10.0,electrical
VD7,VD6,15.0,electrical
VD7,DD3,1.0,electrical
VD7,DD4,1.0,electrical
VD7,VD8,6.0,electrical
VD13,PVCL,1.0,electrical
VD13,PVR,1.0,electrical
VD13,PVPL,11.0,electrical
VD13,PVNR,1.0,electrical
VD13,VA12,6.0,electrical
VD13,AVL,5.0,electrical
VD13,PVT,17.0,electrical
VD13,DA9,2.0,electrical
VD13,DVC,1.0,electrical
VD13,DD6,2.0,electrical
VD13,DVB,5.0,electrical
VD13,PVWL,1.0,electrical
VD13,PVWR,2.0,electrical
VD13,PDB,4.0,electrical
VD13,VD12,6.0,electrical
PDA,PVQR,1.0,electrical
PDA,DVA,1.0,electrical
PDA,DA8,1.0,electrical
PDA,AVL,3.0,electrical
PDA,PHAR,1.0,electrical
PDA,DA9,9.0,electrical
PDA,DD6,1.0,electrical
PDA,PDB,5.0,electrical
VD9,PVM,1.0,electrical
VD9,PDER,5.0,electrical
VD9,PVDR,1.0,electrical
VD9,DD5,1.0,electrical
VD9,VD10,6.0,electrical
VD9,DD4,1.0,electrical
VD9,VD8,6.0,electrical
SABVL,AVAR,15.0,electrical
SABVR,AVAL,8.0,electrical
SABVR,AVAR,2.0,electrical
SABVR,DA1,1.0,electrical
SABVR,DD1,1.0,electrical
DA3,AVAL,6.0,electrical
DA3,AVAR,7.0,electrical
DA3,VA2,1.0,electrical
DA3,FLPR,16.0,electrical
DA3,VA6,1.0,electrical
DA3,PVDL,1.0,electrical
DA3,DA5,1.0,electrical
DA3,DA4,1.0,electrical
DA3,AS4,4.0,electrical
DA4,AVAL,2.0,electrical
DA4,AVAR,2.0,electrical
DA4,PVCL,1.0,electrical
DA4,DA3,1.0,electrical
DA4,VA3,1.0,electrical
AS4,DA3,4.0,electrical
VA3,AVAL,6.0,electrical
VA3,AVAR,3.0,electrical
VA3,SABD,2.0,electrical
VA3,VD3,1.0,electrical
VA3,DA4,1.0,electrical
VA3,AS1,3.0,electrical
VA3,AS2,2.0,electrical
VA10,AVAL,6.0,electrical
VA10,AVDL,1.0,electrical
VA10,AVAR,4.0,electrical
VA10,DA8,2.0,electrical
VA10,DB7,1.0,electrical
VA10,PVDL,1.0,electrical
DA6,AVAL,4.0,electrical
DA6,AVAR,4.0,electrical
DA6,DB1,1.0,electrical
DB1,AVBR,15.0,electrical
DB1,RID,2.0,electrical
DB1,DVA,3.0,electrical
DB1,VB3,5.0,electrical
DB1,DB2,5.0,electrical
DB1,PVDL,1.0,electrical
DB1,DA6,1.0,electrical
VC6,PVT,2.0,electrical
VC6,DVC,1.0,electrical
VC6,VC5,4.0,electrical
AS1,AVER,1.0,electrical
AS1,AVEL,2.0,electrical
AS1,FLPR,1.0,electrical
AS1,VA5,3.0,electrical
AS1,VA3,3.0,electrical
AS3,AVAR,1.0,electrical
AS3,DA2,1.0,electrical
AS3,PVDR,1.0,electrical
VA4,AVAL,6.0,electrical
VA4,AVAR,3.0,electrical
VA4,VB3,1.0,electrical
VA4,AS2,9.0,electrical
VA4,VA7,1.0,electrical
VD2,VA2,1.0,electrical
VD2,DD1,3.0,electrical
VD2,VD1,4.0,electrical
VD2,VD3,7.0,electrical
VD2,VD2,3.0,electrical
AS2,DA2,2.0,electrical
AS2,VA3,2.0,electrical
AS2,VA4,9.0,electrical
DD3,DB3,1.0,electrical
DD3,DB4,1.0,electrical
DD3,DD2,2.0,electrical
DD3,VD6,2.0,electrical
DD3,VD7,1.0,electrical
DD3,VD5,1.0,electrical
DD3,DD4,3.0,electrical
VD5,DD2,1.0,electrical
VD5,VD4,1.0,electrical
VD5,VD6,10.0,electrical
VD5,DD3,1.0,electrical
DA7,AVAL,10.0,electrical
DA7,PVCL,1.0,electrical
DA7,PVCR,3.0,electrical
DA7,DA8,1.0,electrical
DA7,AS10,1.0,electrical
AS5,AVBR,2.0,electrical
AS5,AVAR,3.0,electrical
VC3,PVT,1.0,electrical
VC3,VC2,3.0,electrical
VC3,VC1,7.0,electrical
VC3,DD4,2.0,electrical
VC3,VC4,4.0,electrical
VA7,AVAL,2.0,electrical
VA7,AVAR,5.0,electrical
VA7,VA4,1.0,electrical
DB5,AVBL,3.0,electrical
DB5,AVBR,4.0,electrical
DB5,DB4,5.0,electrical
DB5,DB6,5.0,electrical
AS6,AVBL,1.0,electrical
AS6,AVBR,1.0,electrical
AS6,AVAR,2.0,electrical
AS6,DA5,5.0,electrical
VB4,AVBL,3.0,electrical
VB4,AVBR,5.0,electrical
VB4,VB3,1.0,electrical
VB4,DB2,1.0,electrical
VB4,VB5,1.0,electrical
VB4,VB2,1.0,electrical
VB8,AVBL,4.0,electrical
VB8,AVBR,4.0,electrical
VB8,VA9,3.0,electrical
VB8,VB7,5.0,electrical
VB8,VB9,5.0,electrical
DB6,AVBL,4.0,electrical
DB6,AVBR,4.0,electrical
DB6,DB7,5.0,electrical
DB6,DB5,5.0,electrical
DD4,DD5,3.0,electrical
DD4,VC2,2.0,electrical
DD4,VD7,1.0,electrical
DD4,VD9,1.0,electrical
DD4,DD3,3.0,electrical
DD4,VC3,2.0,electrical
DD4,VD8,2.0,electrical
VD8,VD7,6.0,electrical
VD8,VD9,6.0,electrical
VD8,DD4,2.0,electrical
VB9,AVBL,4.0,electrical
VB9,AVBR,4.0,electrical
VB9,PDER,7.0,electrical
VB9,VB8,5.0,electrical
VB9,VB10,5.0,electrical
VB10,AVBL,4.0,electrical
VB10,PVCL,2.0,electrical
VB10,PVCR,1.0,electrical
VB10,AVKL,1.0,electrical
VB10,PDEL,1.0,electrical
VB10,PDER,4.0,electrical
VB10,VD11,1.0,electrical
VB10,VD12,1.0,electrical
VB10,VA11,3.0,electrical
VB10,VB9,5.0,electrical
VC5,AVFL,1.0,electrical
VC5,PVT,2.0,electrical
VC5,DVC,1.0,electrical
VC5,AVFR,1.0,electrical
VC5,VC6,4.0,electrical
VC5,VC5,4.0,electrical
VC5,VC4,4.0,electrical
VC4,AVFL,1.0,electrical
VC4,AVFR,1.0,electrical
VC4,VC3,4.0,electrical
VC4,VC5,4.0,electrical
